<?xml version="1.0"?>
<xml xmlns:xsi="http://www.w3.org/2001/XMLSchema-instance" xsi:noNamespaceSchemaLocation="file:///C:/AppEasy/docs/XOML.xsd">

    <!-- Load a UI style to style the user interface  -->
    <LoadXOML File="UIStyle.xml" />

    <!-- Create a grid label animation -->
    <Animation Name="GridButtonBreath" Duration="1.0" Type="vec2">
        <Frame Value="1.1, 1.1" Time="0" Easing="quadin" />
        <Frame Value="0.5, 0.5" Time="0.5" Easing="quadin" />
        <Frame Value="1.1, 1.1" Time="1.0" Easing="quadin" />
    </Animation>

    <!-- Create variable to accept the current grid cell selection -->
    <Variable Name="grid_selection" Type="string" Value="0"/>

    <!-- Create a template that will be used to generate the animating label grid cell actors -->
    <Template Name="GridItemTemp">
        <Label Background="SmallPanelBrush" BackgroundColour="200, 200, 200, 255" SelectedColour="200, 255, 200, 255" Font="serif" GridPos="$gridpos$" HitTest="true" OnTapped="GridOnTapped" SelectType="toggle" Selected="false">
            <Timeline Name="GridItemAnim" AutoPlay="true">
                <Animation Anim="GridButtonBreath" Repeat="0" Target="Scale" />
            </Timeline>
            <Actions Name="GridOnTapped">
                <Action Method="SetTimeline" Param1="GridItemAnim" />
            </Actions>
        </Label>
    </Template>

    <!-- Create a template that will be used to generate the toggle button grid cell actors -->
    <Template Name="GridItemTemp2">
        <Label Background="Button1Brush" BackgroundColour="200, 200, 200, 255" SelectedColour="200, 255, 200, 255" Font="serif" GridPos="$gridpos$" HitTest="true" SelectType="toggle" Selected="false" Binding="[Text]grid_selection" />
    </Template>

    <!-- Create data that will be bound to grid columns -->
    <Variable Name="GridItems1" Type="arraystring" Size="10" Value="Button1Brush, Button2Brush, Button2Brush, Button1Brush, Button2Brush, Button1Brush, Button2Brush, Button1Brush, Button2Brush, Button1Brush" />
    <Variable Name="GridItems2" Type="arraystring" Size="10" Value="B1, B2, B3, B4, B5, B6, B7, B8, B9, B10" />
    <Variable Name="GridItems3" Type="arraystring" Size="10" Value="C1, C2, C3, C4, C5, C6, C7, C8, C9, C10" />
    <Variable Name="GridItems4" Type="arraystring" Size="10" Value="D1, D2, D3, D4, D5, D6, D7, D8, D9, D10" />

    <!-- Create a scene -->
    <Scene Name="Scene1" Current="true" >

        <!-- Generate the grid -->
        <Grid Name="ItemsGrid" Size="-100, -100" Background="PanelBrush" BackgroundColour="255, 255, 255, 255" HitTest="true" ClipMargin="10, 10, 10, 10" ItemsTemplate="GridItemTemp" MultiSelect="false" Selection="grid_selection" SelectedIndex="5" UseParentOpacity="false">
            <RowDefinition AlignV="middle" Height="100" />
            <RowDefinition AlignV="middle" Height="100" />
            <RowDefinition AlignV="middle" Height="100" />
            <RowDefinition AlignV="middle" Height="100" />
            <RowDefinition AlignV="middle" Height="100" />
            <RowDefinition AlignV="middle" Height="100" />
            <RowDefinition AlignV="middle" Height="100" />
            <ColumnDefinition AlignH="centre" Width="300" ItemsData="GridItems1" ItemsTemplate="GridItemTemp2" ItemsTargetType="background" />
            <ColumnDefinition AlignH="centre" Width="300" ItemsData="GridItems2" ItemsTargetType="text" />
            <ColumnDefinition AlignH="centre" Width="300" ItemsData="GridItems3" ItemsTargetType="text" />
            <ColumnDefinition AlignH="centre" Width="300" ItemsData="GridItems4" ItemsTargetType="text" />
        </Grid>
        
    </Scene>    
    



</xml>