<?xml version="1.0"?>

<xml>

    <!-- Load a UI style to style the user interface  -->
    <LoadXOML File="UIStyle.xml" />

    <!-- Create a scene -->
    <Scene Name="Scene1" Current="true" >

        <WebView Name="WebView1" Docking="top" Size="-100, -80" />
        <StackPanel Orientation="vertical" Docking="bottom" Size="-100, -20">
            <StackPanel Orientation="horizontal" Size="-100, -50">
                <Label Background="Button1Brush" Size="-30, -100" SelectedColour="128, 255, 128, 255" Text="Content 1" Font="serif" OnTapped="Tapped">
                    <Actions Name="Tapped">
                        <Action Method="SetProperty" P1="html" P2="Dynamic content 1" P3="WebView1" />
                    </Actions>
                </Label>
                <Label Background="Button1Brush" Size="-30, -100" SelectedColour="128, 255, 128, 255" Text="Content 2" Font="serif" OnTapped="Tapped">
                    <Actions Name="Tapped">
                        <Action Method="SetProperty" P1="html" P2="Dynamic content 2" P3="WebView1" />
                    </Actions>
                </Label>
                <Label Background="Button1Brush" Size="-30, -100" SelectedColour="128, 255, 128, 255" Text="Content 3" Font="serif" OnTapped="Tapped">
                    <Actions Name="Tapped">
                        <Action Method="SetProperty" P1="html" P2="Dynamic content 3" P3="WebView1" />
                    </Actions>
                </Label>
            </StackPanel>
            <StackPanel Orientation="horizontal" Size="-100, -50">
                <Label Background="Button1Brush" Size="-30, -100" SelectedColour="128, 255, 128, 255" Text="Page 1" Font="serif" OnTapped="Tapped">
                    <Actions Name="Tapped">
                        <Action Method="SetProperty" P1="uri" P2="http://www.appeasymobile.com" P3="WebView1" />
                    </Actions>
                </Label>
                <Label Background="Button1Brush" Size="-30, -100" SelectedColour="128, 255, 128, 255" Text="Page 2" Font="serif" OnTapped="Tapped">
                    <Actions Name="Tapped">
                        <Action Method="SetProperty" P1="uri" P2="http://www.drmop.com" P3="WebView1" />
                    </Actions>
                </Label>
                <Label Background="Button1Brush" Size="-30, -100" SelectedColour="128, 255, 128, 255" Text="Page 3" Font="serif" OnTapped="Tapped">
                    <Actions Name="Tapped">
                        <Action Method="SetProperty" P1="uri" P2="http://www.pocketeers.co.uk" P3="WebView1" />
                    </Actions>
                </Label>
            </StackPanel>
        </StackPanel>


    </Scene>


</xml>