<?xml version="1.0"?>
<xml xmlns:xsi="http://www.w3.org/2001/XMLSchema-instance" xsi:noNamespaceSchemaLocation="file:///C:/AppEasy/docs/XOML.xsd">

    <!-- Load a UI style to style the user interface  -->
    <LoadXOML File="UIStyle.xml" />

    <!-- Create scene with narrow extents -->
    <Scene Name="Scene1" Extents="-100, -100, 200, 200" Current="true" OnTick="Fade">
        <Actions Name="Fade">
            <Action Method="AddProperty" Param1="Opacity" Param2="1" />
        </Actions>

        <!-- Create a label object -->
        <Label Font="serif" Background="Button1Brush" BackgroundColour="255, 80, 80, 255" Text="Wrapping" WrapPosition="true" OnTick="Update">
            <Actions Name="Update">
                <Action Method="AddProperty" Param1="Position" Param2="2, 2" />
            </Actions>
        </Label>

    </Scene>


</xml>