<?xml version="1.0"?>
<xml xmlns:xsi="http://www.w3.org/2001/XMLSchema-instance" xsi:noNamespaceSchemaLocation="file:///C:/AppEasy/docs/XOML.xsd">

    <!-- Load a UI style to style the user interface  -->
    <LoadXOML File="UIStyle.xml" />
    
    <!-- Create a variable that holds the players name -->
    <Variable Name="PlayerName" Type="string" Value="Player One" />

    <!-- Create a variable that holds the players sctore -->
    <Variable Name="PlayerScore" Type="int" Value="0" />
    
    <!-- Create a scene -->
    <Scene Name="Scene1" Current="true">

        <!-- Create a button with the players name bound to the text property -->
        <Label Font="serif" Background="Button1Brush" Binding="[Text]PlayerName" />

        <!-- Create a button with the players score bound to the text property -->
        <Label Position="0, 100" Font="serif" BackgroundColour="80, 80, 255, 255" Background="Button1Brush" Binding="[Text]PlayerScore" OnTapped="UpdateScore">
            <Actions Name="UpdateScore">
                <Action Method="AddVar" Param1="PlayerScore" Param2="1" />
            </Actions>
        </Label>

    </Scene>


</xml>