<?xml version="1.0"?>
<xml>
    <Style Name="BasicActorStyle">
        <Set Property="Size" Value="60, 60" />
        <Set Property="Angle" Value="0" />
        <Set Property="SrcRect" Value="0, 0, 36, 40" />
        <Set Property="Image" Value="frog" />
        <Set Property="Timeline" Value="Player1Intro1" />
        <Set Property="Shape" Value="PlayerShape" />
        <Set Property="Box2dMaterial" Value="BounceyBall" />
        <Set Property="CollisionFlags" Value="1, 1, 1" />
    </Style>

    <Style Name="BasicActorStyle2">
        <Set Property="Size" Value="60, 60" />
        <Set Property="Angle" Value="0" />
        <Set Property="SrcRect" Value="0, 0, 36, 40" />
        <Set Property="Image" Value="frog" />
        <Set Property="Timeline" Value="Player1Intro1" />
    </Style>
    
    <Style Name="GenericSceneStyle">
        <Set Property="CanvasSize" Value="-100, -100" />
        <!--Set Property="CanvasSize" Value="1024, 768" /-->
        <Set Property="CanvasFit" Value="best" />
        <!--Set Property="CanvasFit" Value="none" /-->
        <Set Property="CanvasOrigin" Value="centre" />
        <Set Property="Colour" Value="255, 255, 255, 255" />
        <Set Property="AllowSuspend" Value="false" />
        <Set Property="Physics" Value="false" />
    </Style>

    <!--LoadXOML File="http://www.drmop.com/Custom.xml" /-->
    <!--<LoadXOML File="Custom.xml" />-->

  <!-- UI Stuff -->
  <Animation Name="buttonin_anim" Type="vec4" Duration="0.25" >
    <Frame Value="255, 255, 255, 255"  Time="0.0" />
    <Frame Value="200, 200, 200, 255"  Time="0.25" />
  </Animation>
  <Timeline Name="buttonin_anim" AutoPlay="true">
    <Animation Anim="buttonin_anim" Target="Colour" Repeat="1" StartAtTime="0" />
  </Timeline>

  <Animation Name="buttonout_anim" Type="vec4" Duration="0.25" >
    <Frame Value="200, 200, 200, 255"  Time="0.0" />
    <Frame Value="255, 255, 255, 255"  Time="0.25" />
  </Animation>
  <Timeline Name="buttonout_anim" AutoPlay="true">
    <Animation Anim="buttonout_anim" Target="Colour" Repeat="1" StartAtTime="0" />
  </Timeline>
    
    <Animation Name="fade_in" Type="vec4" Duration="0.4" >
        <Frame Value="0,0,0,0"  Time="0.0" Easing="quadin" />
        <Frame Value="255,255,255,255"  Time="0.4"/>
    </Animation>
    
    <Animation Name="fade_out" Type="vec4" Duration="0.4" >
        <Frame Value="255,255,255,255"  Time="0.0" Easing="quadout" />
        <Frame Value="0,0,0,0"  Time="0.4"/>
    </Animation>

  <!-- Create scene fly in timeline -->
  <Animation Name="fly_in2" Type="vec2" Duration="0.4" >
    <Frame Value="0, 0"  Time="0.0" Easing="cubicout" />
    <Frame Value="0, 0"  Time="0.4" />
  </Animation>
  <Timeline Name="fly_in2" AutoPlay="false">
        <Animation Anim="fly_in2" Target="Position" Repeat="1" StartAtTime="0" />
        <!--Animation Anim="fade_in" Target="Colour" Repeat="1" StartAtTime="0" /-->
  </Timeline>

  <!-- Create scene fly out timeline -->
  <Animation Name="fly_out" Type="vec2" Duration="0.4" >
      <Frame Value="0, -100000"  Time="0.0" Easing="cubicout" />
      <Frame Value="0, -100000"  Time="0.4"/>
  </Animation>
  
  <Timeline Name="fly_out" AutoPlay="true">      
      <!--Animation Anim="fade_out" Target="Colour" Repeat="1" StartAtTime="0" /-->
      <Animation Anim="fly_out" Target="Position" Repeat="1" StartAtTime="0"/>
  </Timeline>

    <Actions Name="flyout">
        <Action Method="SetTimeline" Param1="fly_out" />
    </Actions>



  <!-- Used to create the classification game intro-scene-->
  

</xml>