<xml><Event version="17.2.1.4" runNumber="203258" eventNumber="105740575" dataTime="2012-05-12 18:19:47 UTC">
    <LAr3DEt></LAr3DEt>
    <LAr3Dphi></LAr3Dphi>
    <LAr3Dpsi></LAr3Dpsi>
    
    <TILE3DEt>
    </TILE3DEt>
    <TILE3Dphi>
    </TILE3Dphi>
    <TILE3Dpsi>
    </TILE3Dpsi>
    <ETMis count="1" storeGateKey="MET_RefFinal">
        
        <et>
            268.462
        </et>
        <etx>
            22.3504
        </etx>
        <ety>
            -36.98323
        </ety>
    </ETMis>
</Event></xml>