<?xml version="1.0"?>
<xml xmlns:xsi="http://www.w3.org/2001/XMLSchema-instance" xsi:noNamespaceSchemaLocation="file:///C:/AppEasy/docs/XOML.xsd">

    <!-- Load a UI style to style the user interface  -->
    <LoadXOML File="UIStyle.xml" />

    <Image Name="Background" Location="background.jpg" />
    <Image Name="Bob" Location="bob.png" />
    <!--Image Name="Fred" Location="fred.png" />
    <Image Name="Ring" Location="ring.png" /-->
    <Image Name="Bullet" Location="bullet.png" />
    <Brush Name="Background" Image="Background" />
    <Brush Name="Bob" Image="Bob" />
    <Brush Name="Bullet" Image="Bullet" />
    <!--Brush Name="Fred" Image="Fred" />
    <Brush Name="Ring" Image="Ring" /-->

    <!-- Create a scene with physics enabled -->
    <Scene Name="Scene1" Current="true" Physics="true" Gravity="0, 0" Camera="Camera1" DoSleep="false" ScriptEngine="lua" OnTick="TickActions">

        <!-- Define and load a Lua script -->
        <Script Name="Script1" Type="lua" />
        <File Name="File1" Location="Spawn.lua" FileType="lua" Preload="true" Script="Script1" />

        <!-- Create scene OnTick handler that calls a script function each scene update -->
        <Actions Name="TickActions">
            <Action Method="CallScript" Param1="Scene_OnTick" />
        </Actions>
        
        <!-- Create touch pan camera -->
        <Camera Name="Camera1" TouchPanX="false" TouchPanY="true" IgnoreActors="true" />

        <!-- Create bob template  -->
        <Template Name="BobTemplate">
            <Icon Name="$name$" Type="1" Position="$pos$" Background="Bob" OnTapped="Shoot" >
                <Actions Name="Shoot">
                    <Action Method="CallScript" Param1="CreateBullet" />
                </Actions>
            </Icon>
        </Template>

        <!-- Create bullet template  -->
        <Template Name="BulletTemplate">
            <Icon Name="$name$" Type="3" Position="$pos$" Velocity="40, 0" Background="Bullet" OnTick="Tick"  >
                <Actions Name="Tick">
                    <Action Method="CallScript" Param1="Bullet_Tick" />
                </Actions>
            </Icon>
        </Template>

        <!-- Create the background -->
        <Icon Background="Background" Size="2048, 2048" />
        
        <!-- Create the player -->
        <FromTemplate Template="BobTemplate" name="player" pos="0, 0" />
        
        

    </Scene>


</xml>