<?xml version="1.0"?>
<xml xmlns:xsi="http://www.w3.org/2001/XMLSchema-instance" xsi:noNamespaceSchemaLocation="file:///C:/AppEasy/docs/XOML.xsd">

    <!-- Load a UI style to style the user interface  -->
    <LoadXOML File="UIStyle.xml" />
    
    <!-- Create a scene -->
    <Scene Name="Scene1" Current="true" >

        <!-- ListBoxItems - Defines a list of items that will be bound to the list box -->
        <Variable Name="ListBoxItems" Type="arraystring" Size="10" Value="Item 1, Item 2, Item 3, Item 4, Item 5, Item 6, Item 7, Item 8, Item 9, Item 10" />

        <!-- Create a template that will be used to generate the list box actors -->
        <Template Name="ListBoxItemTemp">
            <Label Name="ListItemA$index$" Size="-90, 70" Background="SmallPanelBrush" 	BackgroundColour="210, 210, 210, 255" SelectedColour="80, 80, 255, 255" Font="serif" Margin="20, 20, 20, 20" SelectType="toggle" Selected="false" />
        </Template>

        <!-- Create the list box -->
        <ListBox Name="ListBox" Size="-100, -100" Background="PanelBrush" MultiSelect="true" ItemsData="ListBoxItems" ItemsTargetType="text" ItemsTemplate="ListBoxItemTemp" ClipMargin="10, 10, 10, 10" UseParentOpacity="false" />
        
    </Scene>


</xml>