<?xml version="1.0"?>
<xml xmlns:xsi="http://www.w3.org/2001/XMLSchema-instance" xsi:noNamespaceSchemaLocation="file:///C:/AppEasy/docs/XOML.xsd">

    <!-- Load a UI style to style the user interface  -->
    <LoadXOML File="UIStyle.xml" />

    <!-- Create a scene -->
    <Scene Name="Scene1" Current="true" >

        <!-- Create a vertical stack panel with a collection of buttons -->
        <StackPanel Background="PanelBrush" Orientation="vertical" Position="0, -200" SizeToContent="xy">
            <Label Font="serif" Text="Item 1" Background="Button1Brush" BackgroundColour="0, 120, 255, 255" Margin="10, 10, 10, 0" />
            <Label Font="serif" Text="Item 2" Background="Button1Brush" BackgroundColour="0, 120, 255, 255" />
            <Label Font="serif" Text="Item 3" Background="Button1Brush" BackgroundColour="0, 120, 255, 255" />
            <Label Font="serif" Text="Item 4" Background="Button1Brush" BackgroundColour="0, 120, 255, 255" />
            <Label Font="serif" Text="Item 5" Background="Button1Brush" BackgroundColour="0, 120, 255, 255" Margin="0, 0, 0, 10" />
        </StackPanel>

        <!-- Create an horizontal stack panel with a collection of buttons -->
        <StackPanel Background="PanelBrush" Orientation="horizontal" Position="0, 200" SizeToContent="xy">
            <Label Font="serif" Text="Item 1" Size="-32, 50" Background="Button1Brush" BackgroundColour="0, 120, 255, 255" Margin="10, 0, 10, 0" />
            <Label Font="serif" Text="Item 2" Size="-32, 50" Background="Button1Brush" BackgroundColour="0, 120, 255, 255" />
            <Label Font="serif" Text="Item 3" Size="-32, 50" Background="Button1Brush" BackgroundColour="0, 120, 255, 255" Margin="0, 10, 0, 10" />
        </StackPanel>
    </Scene>


</xml>