<?xml version="1.0"?>
<xml>
    
    <Variable Name="SelectedGame" Type="string" Value="TestList.xml"/>
    
    <Template Name="mainMenuTemplate">
        <Label Name="menu$index$" Background="BoxButton" Size="-95,-18" draggable="false" Text="$label$" AlignH="centre" GridPos="0,0" Font="gulim_large" TextMargin="10,10,0,0" SelectType="normal" Selected="false" SelectedColour="80, 80, 255, 255" HitTest="true" OnTapped="loadEventDisplay">
            <Actions Name="loadEventDisplay">
                <Action Method="SetTimeline" Param1="fly_in2" Param2="$scene$" />
                <Action Method="SetTimeline" Param1="fly_out" Param2="LandingScreen" />
            </Actions>
        </Label>
    </Template>
    
    <Template Name="gameTemplate">
        <Image Name="icon$name$" Location="$icon$" Preload="false" Format="RGBA_8888" Filter="true" />
        <Brush Name="Icon$name$" Image="icon$name$" SrcRect="0, 0, 256, 256" Type="image" />
        
        <Label Name="$name$" Background="Icon$name$" Size="0,-75" AspectLock="y" draggable="false" Text="" AlignH="centre" GridPos="0,0" Font="gulim" TextMargin="10,10,0,0" Margin="8,8,8,8" SelectType="normal" Selected="false" SelectedColour="80, 80, 255, 255" HitTest="true" OnTapped="loadEventSelection">
            <Actions Name="loadEventSelection">
                <Action Method="SetVar" Param1="SelectedGame" Param2="$xml$"/>
                <Action Method="SetVar" Param1="GameID" Param2="$name$" Param3="MenuScene" />
                <Action Method="SetTimeline" Param1="fly_in2" Param2="SelectionScene" />
                <Action Method="SetTimeline" Param1="fly_out" Param2="GameSelectionScene" />
                <Action Method="LoadXOML" Param1="SelectedGame" />
            </Actions>
        </Label>
    </Template>
        
    <Template Name="eventListTemplate">
        <Label Name="event$index$" Size="0,-80" AspectLock="y" Background="BoxOutline" Font="gulim_large" TextColour="210, 210, 240, 255" Text="" Margin="8,8,8,8" OnTapped="loadEventSelection">
            <Actions Name="loadEventSelection">
                <Action Method="SetVar" Param1="SetEvent" Param2="$index$" Param3="MenuScene" />
                <Action Method="SetTimeline" Param1="fly_in2" Param2="menuButtonScene" />
                <Action Method="ShowScene" Param1="menuButtonScene" />
                <Action Method="LoadXOML" Param1="GameScene.xml"/>
                <Action Method="LoadXOML" Param1="SelectedGame"/>
                <Action Method="LoadXOML" Param1="ColourScene.xml"/>
                <Action Method="LoadXOML" Param1="eventDisplay.xml"/>
                
                <Action Method="KillScene" Param1="LandingScreen"/>
                <Action Method="KillScene" Param1="GameSelectionScene"/>
                <Action Method="KillScene" Param1="SelectionScene"/>
                <Action Method="KillScene" Param1="CongratulationScene"/>
            </Actions>
        </Label>
    </Template>
    
    <Scene Name="SelectionScene" Style="GenericSceneStyle" Camera="SelectionCam" Colour="255,255,255,255" Batch="false" Current="false" AllowFocus="true" VirtualTransform="800, 480" Visible="true">
        <Camera Name="SelectionCam" Position="-100000,0" Angle="0" Scale="1.0" TouchPanX="false" TouchPanY="false" VelocityDamping="0.8, 0.8" IgnoreActors="false" />
        
        <Variable Name="Title" Type="string" Value="Test Title" />
        <Variable Name="EventList" Type="arraystring" Size="6" Value="1,2,3,4,5,6" />
        <Variable Name="Attempts" Type="int" Value="0"/>
        
        <Bindings Name="EventListBinding">
            <Binding Property="ItemsData" Variable="EventList"/>
        </Bindings>
        <Bindings Name="TitleBinding">
            <Binding Property="Text" Variable="Title"/>
        </Bindings>
        <Bindings Name="AttemptsBinding">
            <Binding Property="Text" Variable="Attempts"/>
        </Bindings>

        <Label Name="blackBackground" Size="-100,-100" Background="BlackBox" Text="" Font="gulim" />
        
        <StackPanel Name="TitleBackdrop" Size="-100,-100" Orientation="horizontal" AlignH="centre" AlignV="center" Docking="bottomleft">
            <Label Name="TitleBG" Background="TitleBackdrop" Size="-100,-100" Text="" Font="gulim"/>
        </StackPanel>
        
        <Canvas Name="View1" Size="-100, -100">
            
            <ListBox Name="EventsListBox" Size="-90, -60" Docking="middle" AlignV="middle"
            MultiSelect="false" ItemsData="EventList" ItemsTargetType="text"
            ItemsTemplate="eventListTemplate" HitTest="true" Draggable="false"
            Orientation="horizontal" ClipMargin="5, 5, 5, 5" UseParentOpacity="false" Margin="5, 5, 64, 5" />
            
            <!-- this information is set by ClassificationGame.cpp -->
            <StackPanel Name="popupGame"  Size="-85, -15" BackgroundColour="0,0,0,255"  SelectedColour="0,0,0,255" Orientation="vertical" AlignH="left" AlignV="top" Docking="topleft" Margin="72,32,32,32">
                <Label Name="gameName" Size="-100,-100" draggable="false" Bindings="TitleBinding" AlignH="left" GridPos="0,0" Font="gulim_large" TextMargin="16,16,16,16"/>
                <Label Name="info" Size="-95,-10" draggable="false" Text="Select an event or click Play to start" AlignH="centre" GridPos="0,0" Font="gulim" TextMargin="10,10,0,0"/>
                 <!--Label Name="gameDesc" Background="BlackBox" Size="-80,-70" draggable="false" Bindings="DescBinding" AlignH="left" GridPos="0,0" Font="gulim_small" TextMargin="10,10,0,0"/-->
            </StackPanel>
            
            <!--StackPanel Name="stats"  Size="-35, -15" SelectedColour="0,0,0,255" Orientation="horizontal" Docking="topright" Margin="72,72,32,32" >
                <Label Name="attempts" Size="-75,-95" Text="Tries: " Font="gulim_large" AlignH="centre"/>
                <Label Name="attemptsNumber" Size="-20,-95" Bindings="AttemptsBinding" Font="gulim_large" AlignH="centre"/>
            </StackPanel-->
            
            <!-- this is the PLAY GAME button. it loads the xml from the variable -->
            <StackPanel Name="popupGame"  Size="-95, -15" SelectedColour="0,0,0,255" Orientation="horizontal" Docking="bottomright" Margin="32,32,32,32" >
                
                <Label Name="facebookButton" Background="BoxButton" Size="-30,-95" draggable="false" Text="Facebook" AlignH="centre" GridPos="0,0" Font="gulim_large" TextMargin="10,10,10,10" SelectType="normal" Selected="false" SelectedColour="80, 80, 255, 255" HitTest="true" Margin="4,4,4,4"/>

                
                <Label Name="resetButton" Background="BoxButton" Size="-30,-95" draggable="false" Text="Reset" AlignH="centre" GridPos="0,0" Font="gulim_large" TextMargin="10,10,10,10" SelectType="normal" Selected="false" SelectedColour="80, 80, 255, 255" HitTest="true" OnTapped="loadEventDisplay" Margin="4,4,4,4">
                    <Actions Name="loadEventDisplay">
                        <Action Method="SetVar" Param1="ResetGame" Param2="true" Param3="MenuScene" />
                    </Actions>
                </Label>
                
                <Label Name="playGame" Background="BoxButton" Size="-30,-95" draggable="false" Text="Play" AlignH="centre" GridPos="0,0" Font="gulim_large" TextMargin="10,10,10,10" SelectType="normal" Selected="false" SelectedColour="80, 80, 255, 255" HitTest="true" OnTapped="loadEventDisplay" Margin="4,4,4,4">
                    <Actions Name="loadEventDisplay">
                        <Action Method="SetVar" Param1="SetEvent" Param2="-1" Param3="MenuScene" />
                        <Action Method="SetTimeline" Param1="fly_in2" Param2="menuButtonScene" />
                        <Action Method="ShowScene" Param1="menuButtonScene" />
                        <Action Method="LoadXOML" Param1="GameScene.xml"/>
                        <Action Method="LoadXOML" Param1="SelectedGame"/>
                        <Action Method="LoadXOML" Param1="ColourScene.xml"/>
                        <Action Method="LoadXOML" Param1="eventDisplay.xml"/>
                        
                        <Action Method="KillScene" Param1="LandingScreen"/>
                        <Action Method="KillScene" Param1="GameSelectionScene"/>
                        <Action Method="KillScene" Param1="SelectionScene"/>
                        <Action Method="KillScene" Param1="CongratulationScene"/>
                    </Actions>
                </Label>
            </StackPanel>
            
            <!-- this makes a cross to close the selection info window -->
            <StackPanel Name="SP2" Size="-12,-12" Orientation="vertical" AlignH="left" AlignV="top" SizeToContent="none" Docking="topleft">
                <Label Name="MenuButton" Background="Back" Size="0,-90" AspectLock="y" SelectedColour="128, 255, 200, 128" Text="" Font="gulim"
                    OnBeginTouch="backBeginTouch" OnEndTouch="backEndTouch" OnTapped="backAction">
                    
                    <Actions Name="backBeginTouch">
                        <Action Method="SetTimeline" Param1="buttonin_anim" />
                        <Action Method="PlaySound" Param1="ui_tap" />
                    </Actions>
                    <Actions Name="backEndTouch">
                        <Action Method="SetTimeline" Param1="buttonout_anim" />
                    </Actions>
                    <Actions Name="backAction">
                        <Action Method="SetTimeline" Param1="fly_out" Param2="SelectionScene" />
                        <Action Method="SetTimeline" Param1="fly_in2" Param2="GameSelectionScene" />
                    </Actions>
                </Label>
            </StackPanel>
        </Canvas>
    </Scene>
    
    <Scene Name="GameSelectionScene" Style="GenericSceneStyle" Camera="GameSelectionCam" Colour="255,255,255,255" Batch="false" Current="false" AllowFocus="true" VirtualTransform="800, 480" Visible="true">
        <Camera Name="GameSelectionCam" Position="-100000,0" Angle="0" Scale="1.0" TouchPanX="false" TouchPanY="false" VelocityDamping="0.8, 0.8" IgnoreActors="false" />
        
        <Label Name="blackBackground" Size="-100,-100" Background="BlackBox" Text="" Font="gulim" />
        
        <StackPanel Name="TitleBackdrop" Size="-100,-100" Orientation="horizontal" AlignH="centre" AlignV="center" Docking="bottomleft">
            <Label Name="TitleBG" Background="TitleBackdrop" Size="-100,-100" Text="" Font="gulim"/>
        </StackPanel>
        
        <!-- this information is set by ClassificationGame.cpp -->
        <StackPanel Name="popupGame"  Size="-60, -15" BackgroundColour="0,0,0,255"  SelectedColour="0,0,0,255" Orientation="vertical" AlignH="left" AlignV="top" Docking="topleft" Margin="72,32,32,32">
            <Label Name="gameName" Size="-100,-100" draggable="false" Text="Select Game" AlignH="left" GridPos="0,0" Font="gulim_large" TextMargin="16,16,16,16"/>
            <!--Label Name="gameAuthor" Background="BlackBox" Size="-60,-10" draggable="false" Bindings="AuthorBinding" AlignH="centre" GridPos="0,0" Font="gulim" TextMargin="10,10,0,0"/>
             <Label Name="gameDesc" Background="BlackBox" Size="-80,-70" draggable="false" Bindings="DescBinding" AlignH="left" GridPos="0,0" Font="gulim_small" TextMargin="10,10,0,0"/-->
        </StackPanel>
        
        <ListBox Name="GameListBox" Size="-90, -65" Docking="middle" AlignV="middle"
            MultiSelect="false" HitTest="true" Draggable="false"
            Orientation="horizontal" ClipMargin="5, 5, 5, 5" UseParentOpacity="false" Margin="5, 5, 64, 5" >
            
            <FromTemplate Template="gameTemplate" name="Tutorial" icon="icons/tutorial.png" xml="TestList.xml"/>
            <FromTemplate Template="gameTemplate" name="WandZ1" icon="icons/wandz.png" xml="WandZGame1.xml"/>
            <FromTemplate Template="gameTemplate" name="WandZ2" icon="icons/wandzmid.png" xml="WandZGame2.xml"/>
            <FromTemplate Template="gameTemplate" name="WandZ3" icon="icons/wandzhard.png" xml="WandZGame3.xml"/>
            <FromTemplate Template="gameTemplate" name="Higgs" icon="icons/higgs.png" xml="HiggsGame.xml"/>
            <!--FromTemplate Template="gameTemplate" name="Mass" icon="icons/mass.png" xml="MassGame.xml"/>
            <FromTemplate Template="gameTemplate" name="Mass2" icon="icons/mass.png" xml="MassGame2.xml"/-->
            
            <!--Image Name="tutorialicon" Location="icons/tutorial.png" Preload="false" Format="RGBA_8888" Filter="true" />
            <Brush Name="TutorialIcon" Image="tutorialicon" SrcRect="0, 0, 256, 256" Type="image" />
            <Image Name="wandzicon" Location="icons/wandz.png" Preload="false" Format="RGBA_8888" Filter="true" />
            <Brush Name="WandZIcon" Image="wandzicon" SrcRect="0, 0, 256, 256" Type="image" /-->
            
            <!--Label Name="tutorialSelect" Background="TutorialIcon" Size="256,256" draggable="false" Text="" AlignH="centre" GridPos="0,0" Font="gulim" TextMargin="10,10,0,0" Margin="8,8,8,8" SelectType="normal" Selected="false" SelectedColour="80, 80, 255, 255" HitTest="true" OnTapped="loadEventDisplay">
                <Actions Name="loadEventDisplay">
                    <Action Method="SetTimeline" Param1="fly_in2" Param2="SelectionScene" />
                    <Action Method="SetTimeline" Param1="fly_out" Param2="GameSelectionScene" />
                    <Action Method="SetVar" Param1="SelectedGame" Param2="TestList.xml"/>
                    <Action Method="SetVar" Param1="GameID" Param2="Tutorial" Param3="MenuScene" />
                    <Action Method="LoadXOML" Param1="SelectedGame" />
                </Actions>
            </Label-->
            <!--Label Name="wandzSelect" Background="WandZIcon" Size="256,256" draggable="false" Text="" AlignH="centre" GridPos="0,0" Font="gulim" TextMargin="10,10,0,0" Margin="8,8,8,8" SelectType="normal" Selected="false" SelectedColour="80, 80, 255, 255" HitTest="true" OnTapped="loadEventDisplay">
                <Actions Name="loadEventDisplay">
                    <Action Method="SetTimeline" Param1="fly_in2" Param2="SelectionScene" />
                    <Action Method="SetTimeline" Param1="fly_out" Param2="GameSelectionScene" />
                    <Action Method="SetVar" Param1="SelectedGame" Param2="ScanningGame.xml"/>
                    <Action Method="SetVar" Param1="GameID" Param2="Higgs" Param3="MenuScene" />
                    <Action Method="LoadXOML" Param1="SelectedGame" />
                </Actions>
            </Label-->
        </ListBox>
        
        <!-- this makes a cross to close the selection info window -->
        <StackPanel Name="SP2" Size="-12,-12" Orientation="vertical" AlignH="left" AlignV="top" SizeToContent="none" Docking="topleft">
            <Label Name="MenuButton" Background="Back" Size="0,-90" AspectLock="y" SelectedColour="128, 255, 200, 128" Text="" Font="gulim"
                OnBeginTouch="backBeginTouch" OnEndTouch="backEndTouch" OnTapped="backAction">
                
                <Actions Name="backBeginTouch">
                    <Action Method="SetTimeline" Param1="buttonin_anim" />
                    <Action Method="PlaySound" Param1="ui_tap" />
                </Actions>
                <Actions Name="backEndTouch">
                    <Action Method="SetTimeline" Param1="buttonout_anim" />
                </Actions>
                <Actions Name="backAction">
                    <Action Method="SetTimeline" Param1="fly_out" Param2="GameSelectionScene" />
                    <Action Method="SetTimeline" Param1="fly_in2" Param2="LandingScreen" />
                </Actions>
            </Label>
        </StackPanel>
    </Scene>
    
    <Scene Name="CongratulationScene" Style="GenericSceneStyle" Camera="CongratulationCam" Colour="255,255,255,255" Batch="false" Current="false" AllowFocus="true" VirtualTransform="800, 480" Visible="true">
        <Camera Name="CongratulationCam" Position="-100000,0" Angle="0" Scale="1.0" TouchPanX="false" TouchPanY="false" VelocityDamping="0.8, 0.8" IgnoreActors="false" />
        
        <StackPanel Name="TitleBackdrop" Size="-100,-100" Orientation="horizontal" AlignH="centre" AlignV="center" Docking="bottomleft">
            <Label Name="TitleBG" Background="TitleBackdrop" Size="-100,-100" Text="" Font="gulim"/>
        </StackPanel>
        
        <StackPanel Name="congrats"  Size="-90, -80" SelectedColour="0,0,0,255" Orientation="vertical" Margin="0,0,0,0" >
            
            <Label Name="score" Size="-95,-30" Text="You scored X/Y. Congratulations!" Font="gulim_large"/>
            
            <Label Name="facebookShareButton" Background="BoxButton" Size="-70,-20" draggable="false" Text="Share to Facebook" AlignH="centre" GridPos="0,0" Font="gulim_large" TextMargin="10,10,10,10" SelectType="normal" Selected="false" SelectedColour="80, 80, 255, 255" HitTest="true" Margin="4,4,4,4"/>
            
            <Label Name="tryAgain" Background="BoxButton" Size="-70,-20" draggable="false" Text="Try Again" AlignH="centre" GridPos="0,0" Font="gulim_large" TextMargin="10,10,10,10" SelectType="normal" Selected="false" SelectedColour="80, 80, 255, 255" HitTest="true" OnTapped="loadEventDisplay" Margin="4,4,4,4">
                <Actions Name="loadEventDisplay">
                    <Action Method="SetVar" Param1="ResetGame" Param2="true" Param3="MenuScene" />
                    <Action Method="SetTimeline" Param1="fly_out" Param2="CongratulationScene" />
                    <Action Method="SetTimeline" Param1="fly_in2" Param2="SelectionScene" />
                </Actions>
            </Label>
            
            <Label Name="continue" Background="BoxButton" Size="-70,-20" draggable="false" Text="Continue" AlignH="centre" GridPos="0,0" Font="gulim_large" TextMargin="10,10,10,10" SelectType="normal" Selected="false" SelectedColour="80, 80, 255, 255" HitTest="true" OnTapped="loadEventDisplay" Margin="4,4,4,4">
                <Actions Name="loadEventDisplay">
                    <Action Method="SetTimeline" Param1="fly_out" Param2="CongratulationScene" />
                    <Action Method="SetTimeline" Param1="fly_out" Param2="SelectionScene" />
                    <Action Method="SetTimeline" Param1="fly_in2" Param2="GameSelectionScene" />
                </Actions>
            </Label>
        </StackPanel>
    </Scene>
    
    <LandingScreen Name="LandingScreen" Style="GenericSceneStyle" Camera="LandingCam" Colour="255,255,255,255" Batch="false" Current="true" AllowFocus="true" VirtualTransform="1280, 800" Visible="true">
        <Camera Name="LandingCam" Position="0,0" Angle="0" Scale="1.0" TouchPanX="false" TouchPanY="false" VelocityDamping="0.8, 0.8" IgnoreActors="false" />
        
        <Label Name="blackBackground" Size="-100,-100" Background="BlackBox" Text="" Font="gulim" />
        
        <StackPanel Name="TitleBackdrop" Size="-100,-100" Orientation="horizontal" AlignH="centre" AlignV="center" Docking="bottomleft">
            <Label Name="TitleBG" Background="TitleBackdrop" Size="-100,-100" Text="" Font="gulim"/>
        </StackPanel>
        
        <StackPanel Name="Title" Size="-50, -20" Orientation="horizontal" AlignH="left" AlignV="middle" SizeToContent="none" Docking="topleft" Margin="32,32,32,32">
            <!--Image Name="title" Location="images/title.png" Preload="false" Format="RGBA_8888" Filter="true" />
            <Brush Name="TitleImage" Image="title" SrcRect="0, 0, 648, 217" Type="image" /-->
            <Label Name="TitleLabel" Size="-95, -90" Text="Collider" AlignH="left" Font="gulim_vlarge"/>
        </StackPanel>
        
        <StackPanel Name="otherOptions"  Size="-40, -100" BackgroundColour="0,0,0,255"  SelectedColour="0,0,0,255" Orientation="vertical" Docking="right" Margin="32,32,32,32" >
            
            <!--Label Name="tutorialSelect" Background="BoxButton" Size="-90,-16" draggable="false" Text="Play Game" AlignH="centre" GridPos="0,0" Font="gulim_large" TextMargin="10,10,0,0" SelectType="normal" Selected="false" SelectedColour="80, 80, 255, 255" HitTest="true" OnTapped="loadEventDisplay">
                <Actions Name="loadEventDisplay">
                    <Action Method="SetTimeline" Param1="fly_in2" Param2="GameSelectionScene" />
                    <Action Method="SetTimeline" Param1="fly_out" Param2="LandingScreen" />
                    <!--Action Method="LoadXOML" Param1="TestList.xml" /->
                </Actions>
             </Label-->
            <FromTemplate Template="mainMenuTemplate" label="Play Game" scene="GameSelectionScene"/>
            <Label Name="liveSelect" Background="BoxButton" Size="-95,-18" draggable="false" Text="Live Events" AlignH="centre" GridPos="0,0" Font="gulim_large" TextMargin="10,10,0,0" SelectType="normal" Selected="false" SelectedColour="80, 80, 255, 255" HitTest="true" OnTapped="loadLive">
                <Actions Name="loadLive">
                    <Action Method="SetVar" Param1="SetEvent" Param2="-1" Param3="MenuScene" />
                    <Action Method="SetTimeline" Param1="fly_in2" Param2="menuButtonScene" />
                    <Action Method="ShowScene" Param1="menuButtonScene" />
                    <Action Method="LoadXOML" Param1="ColourScene.xml"/>
                    <Action Method="LoadXOML" Param1="LiveScene.xml"/>
                    <Action Method="LoadXOML" Param1="eventDisplay.xml"/>
                    <Action Method="SetVar" Param1="SelectedGame" Param2=""/>
                    <Action Method="SetVar" Param1="GameID" Param2="LiveEvents" Param3="MenuScene" />
                    
                    <Action Method="KillScene" Param1="LandingScreen"/>
                    <Action Method="KillScene" Param1="GameSelectionScene"/>
                    <Action Method="KillScene" Param1="SelectionScene"/>
                    <Action Method="KillScene" Param1="CongratulationScene"/>
                </Actions>
            </Label>
            <Label Name="webSelect" Background="BoxButton" Size="-95,-18" draggable="false" Text="Learn More" AlignH="centre" GridPos="0,0" Font="gulim_large" TextMargin="10,10,0,0" SelectType="normal" Selected="false" SelectedColour="80, 80, 255, 255" HitTest="true" OnTapped="loadWebDisplay">
                <Actions Name="loadWebDisplay">
                    <Action Method="SetVar" Param1="WebURL" Param2="http://collider.physics.ox.ac.uk/index.html#tutorial" Param3="WebScene"/>
                    <Action Method="ShowScene" Param1="WebScene" />
                    <Action Method="SetTimeline" Param1="fly_in2" Param2="WebScene" />
                </Actions>
            </Label>
            <Label Name="credSelect" Background="BoxButton" Size="-95,-18" draggable="false" Text="Credits" AlignH="centre" GridPos="0,0" Font="gulim_large" TextMargin="10,10,0,0" SelectType="normal" Selected="false" SelectedColour="80, 80, 255, 255" HitTest="true" OnTapped="loadWebDisplay">
                <Actions Name="loadWebDisplay">
                    <Action Method="SetVar" Param1="WebURL" Param2="http://collider.physics.ox.ac.uk/credits.html" Param3="WebScene"/>
                    <Action Method="ShowScene" Param1="WebScene" />
                    <Action Method="SetTimeline" Param1="fly_in2" Param2="WebScene" />
                </Actions>
            </Label>
            <!--FromTemplate Template="mainMenuTemplate" label="Credits" scene="CreditsScene"/-->
            

            
            <!-- this contains the local games -->
            <!--FromTemplate Template="selectionTemplate" name="Tutorial" label="Tutorial" xml="TestList.xml" /-->
            <!-- load external games -->
            <!--LoadXOML File="LandingMenu.xml" /-->
        </StackPanel>
        

    </LandingScreen>
    

    
</xml>