<?xml version="1.0"?>
<xml>
    <!--This is the button to open the game scene-->
    <Scene Name="LiveMenu" Style="GenericSceneStyle" Camera="LCam" Colour="255,255,255,255" Batch="false" AllowFocus="true" VirtualTransform="800, 480" Visible="true">
        <!-- Create a camera -->
        <Camera Name="LCam" Position="-100000,0" Angle="0" Scale="1.0" TouchPanX="false" TouchPanY="false" VelocityDamping="0.8, 0.8" IgnoreActors="false" />
        
        <StackPanel Name="SP2" Size="-12, -12" Orientation="vertical" AlignH="right" AlignV="top" SizeToContent="none" Docking="topright">
            <Label Name="MenuBotton" Background="Question" Size="0,-90" AspectLock="y" Margin="8,8,8,8" SelectedColour="128, 255, 200, 128" Text="" Font="gulim"
                OnBeginTouch="exitToMenuBeginTouch" OnEndTouch="exitToMenuEndTouch" OnTapped="exitToMenuAction">
                
                <Actions Name="exitToMenuBeginTouch">
                    <Action Method="SetTimeline" Param1="buttonin_anim" />
                    <Action Method="PlaySound" Param1="ui_tap" />
                </Actions>
                <Actions Name="exitToMenuEndTouch">
                    <Action Method="SetTimeline" Param1="buttonout_anim" />
                </Actions>
                <Actions Name="exitToMenuAction">
                    <Action Method="SetTimeline" Param1="fly_in2" Param2="LiveScene" />
                    <Action Method="SetTimeline" Param1="fly_out" Param2="LiveMenu" />
                    <Action Method="SetVar" Param1="LiveActive" Param2="true" Param3="LiveScene" />
                </Actions>
            </Label>
        </StackPanel>
    </Scene>
    
    <LiveScene Name="LiveScene" Style="GenericSceneStyle" Camera="LiveSceneCam" Colour="255,255,255,255" Batch="false" AllowFocus="true" VirtualTransform="800, 480" Visible="true">
        <!-- Create a camera -->
        <Camera Name="LiveSceneCam" Position="0,0" Angle="0" Scale="1.0" TouchPanX="false" TouchPanY="false" VelocityDamping="0.8, 0.8" IgnoreActors="false" />
        
        <Variable Name="LiveActive" Type="bool" Value="true"/>
        <Variable Name="EventDescription" Type="string" Value=""/>
        <Variable Name="Link" Type="string" Value=""/>
    
        <Bindings Name="EventDescriptionBinding">
            <Binding Property="Text" Variable="EventDescription" />
        </Bindings>
        <Bindings Name="LinkBinding">
            <Binding Property="Text" Variable="Link" />
        </Bindings>
        
        <StackPanel Name="selections"  Size="-40, -100" Background="BlackBox" BackgroundColour="0,0,0,200"  SelectedColour="0,0,0,200" Orientation="vertical" AlignV="middle" Docking="right">
            
            <!--Label Name="descriptionLabel" Size="-95,-10" draggable="false" Bindings="DescriptionBinding" AlignH="left" Font="gulim_small" BackgroundColour="210, 210, 210, 225" SelectedColour="80, 80, 255, 255"/-->
            
            <Label Name="gameLabel" Size="-70,-5" draggable="false" Text="Recent Events" AlignH="centre" Font="gulim" BackgroundColour="210, 210, 210, 225" SelectedColour="80, 80, 255, 255" docking="topright" Margin="0,0,4,4"/>
            <Label Name="eventDescriptionLabel" Size="-95,-25" draggable="false" Bindings="EventDescriptionBinding" AlignV="top" AlignH="centre" Font="gulim" BackgroundColour="210, 210, 210, 225" SelectedColour="80, 80, 255, 255"/>

            <Label Name="webButton" Background="BoxButton" Size="-70, -18" draggable="false" Text="Learn More" AlignH="centre"
                Font="gulim" TextMargin="10,10,0,0" SelectType="toggle" Selected="false"
                BackgroundColour="210, 210, 210, 255" SelectedColour="80, 80, 255, 255" Margin="0,0,6,6"
                OnBeginTouch="webButtonBegin" OnEndTouch="webButtonEnd" OnTapped="webButtonAction">
                
                <Actions Name="webButtonBegin">
                    <Action Method="SetTimeline" Param1="buttonin_anim" />
                    <Action Method="PlaySound" Param1="ui_tap" />
                </Actions>
                <Actions Name="webButtonEnd">
                    <Action Method="SetTimeline" Param1="buttonout_anim" />
                </Actions>
                <Actions Name="webButtonAction">
                    <Action Method="ShowScene" Param1="WebScene" />
                    <Action Method="SetTimeline" Param1="fly_in2" Param2="WebScene" />
                </Actions>
            </Label>
            
            <Label Name="refreshButton" Background="BoxButton" Size="-70, -18" draggable="false" Text="Refresh Events" AlignH="centre"
                Font="gulim" TextMargin="10,10,0,0" SelectType="toggle" Selected="false"
                BackgroundColour="210, 210, 210, 255" SelectedColour="80, 80, 255, 255" Margin="0,0,6,6"
                OnBeginTouch="refreshBeginTouch" OnEndTouch="refreshEndTouch" OnTapped="refreshAction">
                
                <Actions Name="refreshBeginTouch">
                    <Action Method="SetTimeline" Param1="buttonin_anim" />
                    <Action Method="PlaySound" Param1="ui_tap" />
                </Actions>
                <Actions Name="refreshEndTouch">
                    <Action Method="SetTimeline" Param1="buttonout_anim" />
                </Actions>
                <Actions Name="refreshAction">
                    <Action Method="KillScene" Param1="IwGxScene"/>
                    <Action Method="LoadXOML" Param1="eventDisplay.xml" />
                </Actions>
            </Label>
            
            <StackPanel Name="navigation" Size="-95,-12" Orientation="horizontal" Docking="bottom" Margin="0,0,0,4">
                <Label Name ="prevEventButton" Background="Prev" Size="-28, -95" Margin="10,10,10,10" draggable="false" Text="" AlignH="centre"
                    Font="gulim" TextMargin="10,10,0,0" SelectType="toggle" Selected="false"
                    BackgroundColour="210, 210, 210, 255" SelectedColour="80, 80, 255, 255"
                    OnBeginTouch="prevEventBeginTouch" OnEndTouch="prevEventEndTouch" OnTapped="prevEventAction">
                    
                    <Actions Name="prevEventBeginTouch">
                        <Action Method="SetTimeline" Param1="buttonin_anim" />
                        <Action Method="PlaySound" Param1="ui_tap" />
                    </Actions>
                    <Actions Name="prevEventEndTouch">
                        <Action Method="SetTimeline" Param1="buttonout_anim" />
                    </Actions>
                    <Actions Name="prevEventAction">
                        <Action Method="SetTimeline" Param1="fly_out" Param2="MenuScene" />
                        <Action Method="SetTimeline" Param1="fly_out" Param2="ColourScene" />
                        <Action Method="SetCurrentScene" Param1="IwGxScene" />
                        <!--Action Method="HideScene" Param1="ColourScene" /-->
                        <!--Action Method="DeactivateScene" Param1="ColourScene" /-->
                        <!--Action Method="HideScene" Param1="MenuScene" /-->
                        <!--Action Method="DeactivateScene" Param1="MenuScene" /-->
                        <Action Method="SetVar" Param1="MenuActive" Param2="false" Param3="MenuScene" />
                        <Action Method="SetVar" Param1="PrevEvent" Param2="true" Param3="MenuScene" />
                        <Action Method="KillScene" Param1="IwGxScene" />
                        <Action Method="LoadXOML" Param1="eventDisplay.xml" />
                        <Action Method="SetVar" Param1="LiveActive" Param2="true" Param3="LiveScene" />
                    </Actions>
                </Label>
                <Label Name="checkResultsButton" Background="BlackBox" Size="-34, -95" draggable="false" Text="" AlignH="centre"
                    Font="gulim" TextMargin="10,10,0,0" SelectType="toggle" Selected="false"
                    BackgroundColour="210, 210, 210, 255" SelectedColour="80, 80, 255, 255" Margin="0,0,6,6"/>
                <Label Name ="nextEventButton" Background="Next" Size="-28, -95" Margin="10,10,10,10" draggable="false" Text="" AlignH="centre"
                    Font="gulim" TextMargin="10,10,0,0" SelectType="toggle" Selected="false"
                    BackgroundColour="210, 210, 210, 255" SelectedColour="80, 80, 255, 255"
                    OnBeginTouch="nextEventBeginTouch" OnEndTouch="nextEventEndTouch" OnTapped="nextEventAction">
                    
                    <Actions Name="nextEventBeginTouch">
                        <Action Method="SetTimeline" Param1="buttonin_anim" />
                        <Action Method="PlaySound" Param1="ui_tap" />
                    </Actions>
                    <Actions Name="nextEventEndTouch">
                        <Action Method="SetTimeline" Param1="buttonout_anim" />
                    </Actions>
                    <Actions Name="nextEventAction">
                        <Action Method="SetTimeline" Param1="fly_out" Param2="MenuScene" />
                        <Action Method="SetTimeline" Param1="fly_out" Param2="ColourScene" />
                        <Action Method="SetCurrentScene" Param1="IwGxScene" />
                        <!--Action Method="HideScene" Param1="ColourScene" /-->
                        <!--Action Method="DeactivateScene" Param1="ColourScene" /-->
                        <!--Action Method="HideScene" Param1="MenuScene" /-->
                        <!--Action Method="DeactivateScene" Param1="MenuScene" /-->
                        <Action Method="SetVar" Param1="MenuActive" Param2="false" Param3="MenuScene" />
                        <Action Method="SetVar" Param1="NextEvent" Param2="true" Param3="MenuScene" />
                        <Action Method="KillScene" Param1="IwGxScene" />
                        <Action Method="LoadXOML" Param1="eventDisplay.xml" />
                        <Action Method="SetVar" Param1="LiveActive" Param2="true" Param3="LiveScene" />
                    </Actions>
                </Label>
            </StackPanel>
        </StackPanel>
        
        
        
        
        
        
        <StackPanel Name="SP2" Size="-12,-12" Orientation="vertical" AlignH="right" AlignV="top" SizeToContent="none" Docking="topright">
            <Label Name="MenuBotton" Background="Cross" Size="0,-90" AspectLock="y" Margin="8,8,8,8" SelectedColour="128, 255, 200, 128" Text="" Font="gulim"
                OnBeginTouch="exitToMenuBeginTouch" OnEndTouch="exitToMenuEndTouch" OnTapped="exitToMenuAction">
                
                <Actions Name="exitToMenuBeginTouch">
                    <Action Method="SetTimeline" Param1="buttonin_anim" />
                    <Action Method="PlaySound" Param1="ui_tap" />
                </Actions>
                <Actions Name="exitToMenuEndTouch">
                    <Action Method="SetTimeline" Param1="buttonout_anim" />
                </Actions>
                <Actions Name="exitToMenuAction">
                    <Action Method="SetTimeline" Param1="fly_out" Param2="LiveScene" />
                    <Action Method="SetTimeline" Param1="fly_in2" Param2="LiveMenu" />
                    <Action Method="SetVar" Param1="LiveActive" Param2="false" Param3="LiveScene" />
                </Actions>
            </Label>
        </StackPanel>
        
        
        
    </LiveScene>


</xml>