<?xml version="1.0"?>
<xml>

    <WebBrowser Name="WebScene" Style="GenericSceneStyle" Camera="WebCam" Colour="255,255,255,255" Batch="false" AllowFocus="true" VirtualTransform="800, 480" Visible="false" Layer="5">
        <!-- Create a camera -->
        <Camera Name="WebCam" Position="-100000,0" Angle="0" Scale="1.0" TouchPanX="false" TouchPanY="false" VelocityDamping="0.8, 0.8" IgnoreActors="false" />
        
        <Variable Name="WebURL" Type="string" Value="http://collider.physics.ox.ac.uk"/>
        <Bindings Name="WebBinding">
            <Binding Property="URI" Variable="WebURL"/>
        </Bindings>

        <StackPanel Name="otherOptions" Background="BlackBox" Size="-100, -100" Position="0,0"  Orientation="vertical" AlignH="right" Docking="right" >
        <!--WebView Name="WebView1" Size="-90,-100" docking="right" Bindings="WebBinding" Modal="false" Transparent="false" /-->
        </StackPanel>
        
        <StackPanel Name="menu" Size="-10, -100" Orientation="vertical" AlignH="centre" AlignV="top" SizeToContent="none" Docking="topleft">
            <Label Name="closeButton" Background="Back" Size="-90, 0" AspectLock="y" SelectedColour="128, 255, 200, 128" Text="" Font="gulim"
                OnBeginTouch="backBeginTouch" OnEndTouch="backEndTouch" OnTapped="backAction">
                
                <Actions Name="backBeginTouch">
                    <Action Method="SetTimeline" Param1="buttonin_anim" />
                    <Action Method="PlaySound" Param1="ui_tap" />
                </Actions>
                <Actions Name="backEndTouch">
                    <Action Method="SetTimeline" Param1="buttonout_anim" />
                </Actions>
                <Actions Name="backAction">
                    <Action Method="SetTimeline" Param1="fly_out" Param2="WebScene" />
                    <Action Method="HideScene" Param1="WebScene" />
                </Actions>
                
            </Label>
            <Label Name="refreshButton" Background="Refresh" Size="-90, 0" AspectLock="y" SelectedColour="128, 255, 200, 128" Text="" Font="gulim"
                OnBeginTouch="refBeginTouch" OnEndTouch="refEndTouch">
                <Actions Name="refBeginTouch">
                    <Action Method="SetTimeline" Param1="buttonin_anim" />
                    <Action Method="PlaySound" Param1="ui_tap" />
                </Actions>
                <Actions Name="refEndTouch">
                    <Action Method="SetTimeline" Param1="buttonout_anim" />
                </Actions>
                
            </Label>
            <Label Name="homeButton" Background="Home" Size="-90, 0" AspectLock="y" SelectedColour="128, 255, 200, 128" Text="" Font="gulim"
                OnBeginTouch="homeBeginTouch" OnEndTouch="homeEndTouch">
                
                <Actions Name="homeBeginTouch">
                    <Action Method="SetTimeline" Param1="buttonin_anim" />
                    <Action Method="PlaySound" Param1="ui_tap" />
                </Actions>
                <Actions Name="homeEndTouch">
                    <Action Method="SetTimeline" Param1="buttonout_anim" />
                </Actions>
                
            </Label>
        </StackPanel>
    </WebBrowser>
</xml>