<?xml version="1.0"?>
<xml xmlns:xsi="http://www.w3.org/2001/XMLSchema-instance" xsi:noNamespaceSchemaLocation="file:///C:/AppEasy/docs/XOML.xsd">

    <!-- Load a UI style to style the user interface  -->
    <LoadXOML File="UIStyle.xml" />

    <!-- Create a scene with physics enabled -->
    <Scene Name="Scene1" Current="true" Physics="true" Gravity="0, 5" Camera="Camera1" DoSleep="false" ScriptEngine="lua" OnTick="TickActions">

        <!-- Define and load a Lua script -->
        <Script Name="Script1" Type="lua" />
        <File Name="File1" Location="Spawn.lua" FileType="lua" Preload="true" Script="Script1" />

        <!-- Create scene OnTick handler that calls a script function each scene update -->
        <Actions Name="TickActions">
            <Action Method="CallScript" Param1="Scene_OnTick" />
        </Actions>
        
        <!-- Create touch pan camera -->
        <Camera Name="Camera1" />

        <Variable Name="accel_x" Type="float" Value="0"/>
        <Variable Name="accel_y" Type="float" Value="0"/>
        <Variable Name="accel_z" Type="float" Value="0"/>

        <!-- Create a label to display accelerometer -->
        <StackPanel Orientation="vertical">
            <Label Font="serif" Background="Button1Brush" Binding="[Text]accel_x" />
            <Label Font="serif" Background="Button1Brush" Binding="[Text]accel_y" />
            <Label Font="serif" Background="Button1Brush" Binding="[Text]accel_z" />
        </StackPanel>

    </Scene>
</xml>