<?xml version="1.0"?>
<xml xmlns:xsi="http://www.w3.org/2001/XMLSchema-instance" xsi:noNamespaceSchemaLocation="file:///C:/AppEasy/docs/XOML.xsd">

    <!-- Load a UI style to style the user interface  -->
    <LoadXOML File="UIStyle.xml" />

    <!-- Create a template for our car -->
    <Template Name="CarTemplate">
        <Icon Name="$name$" Position="$pos$" Velocity="$speed$, 0" BackgroundColour="$colour$" Background="Button1Brush" Size="200, 50" WrapPosition="true">
            <Icon Background="Button1Brush" Size="50, 50" Position="-50, 25" AngularVelocity="$speed$" />
            <Icon Background="Button1Brush" Size="50, 50" Position="50, 25" AngularVelocity="$speed$" />
        </Icon>
    </Template>

    <!-- Create a scene -->
    <Scene Name="Scene1" Current="true" Extents="-500, -500, 1000, 1000" >

        <!-- Create a program that instantiates a car from a template -->
        <Program Name="CreateCars" AutoRun="true">
            <Command Method="from_template" Param1="CarTemplate" Param2="name=Car1:pos=0,0:speed=1:colour=80,255,255,255" />
        </Program>

        <!-- Create a label button that when tapped will instantiate new cars -->
        <Label Font="serif" Text="New Car" Background="Button1Brush" Position="0, 200" OnTapped="CreateCar">
            <Actions Name="CreateCar">
                <Action Method="FromTemplate" Param1="CarTemplate" Param2="name=Car1:pos=0,-100:speed=3:colour=255,0,255,255" />
            </Actions>
        </Label>
        
    </Scene>


</xml>