<?xml version="1.0"?>
<xml xmlns:xsi="http://www.w3.org/2001/XMLSchema-instance" xsi:noNamespaceSchemaLocation="file:///C:/AppEasy/docs/XOML.xsd">

    <Style Name="GenericSceneStyle">
        <Set Property="CanvasSize" Value="-100, -100" />
        <Set Property="CanvasFit" Value="none" />
        <Set Property="CanvasOrigin" Value="centre" />
        <Set Property="Colour" Value="255, 255, 255, 255" />
        <Set Property="AllowSuspend" Value="false" />
        <Set Property="Physics" Value="false" />
    </Style>

    <!-- Load a UI style to style the user interface  -->
    <LoadXOML File="UIStyle.xml" />

    <Image Name="background" Location="background.jpg" />
    <Brush Name="background" Image="background" SrcRect="0, 0, 1024, 1024" />

    <!-- Create a scene to hold or game -->
    <Scene Name="GameScene" Style="GenericSceneStyle" Camera="Cam" Extents="-1000, -400, 2000, 800" Current="true" Batch="false" ClipStatic="true">

        <!-- Create a camera -->
        <Camera Name="Cam" Position="0, 0" Angle="0" Scale="1.0" />

        <!-- Create answer notification overlay -->
        <Animation Name="AnimScale1" Duration="2.5" Type="vec2">
            <Frame Value="1, 1" Time="0" />
            <Frame Value="2, 2" Time="0.5"  />
            <Frame Value="3, 3" Time="1.5" />
            <Frame Value="2, 2" Time="2" />
            <Frame Value="1, 1" Time="2.5" />
        </Animation>
        <Timeline Name="Anim1" AutoPlay="true">
            <Animation Anim="AnimScale1" Repeat="0" Target="Scale" />
        </Timeline>

        <ImageView Name="ImageView1" Background="PanelBrush" Size="-100, -100" ImageBrush="background" Area="-100, -100" Zoom="1.0" MinZoom="0.5" MaxZoom="4" ClipMargin="20, 20, 20, 20" Scale="1.0" Bubbling="false"  >
          <Label Position="0, 0" Size="-50, -15" Background="PanelBrush" BackgroundColour="80, 255, 80, 255" Font="font1" HitTest="true" Text="Happy Birthday" Timeline="Anim1" Draggable="true" />
          <Label Position="0, -20" PercPos="true" Size="-50, -15" Background="PanelBrush" BackgroundColour="80, 80, 255, 255" Font="font1" HitTest="true" Text="Dave!" AngularVelocity="1" Draggable="true" />
        </ImageView>

    </Scene>
</xml>