<?xml version="1.0"?>
<xml>
    
    <Template Name="listBoxEntryTemplate">
        <Label Name="ListItemA$index$" Size="-45, -90" Background="BoxButton" BackgroundColour="210, 210, 210, 255" SelectedColour="80, 80, 255, 255" Font="gulim" TextColour="210, 210, 240, 255" Text="" SelectedTextColour="40, 150, 255, 255" Margin="2,2,2,2" SelectType="toggle" Selected="false"/>
    </Template>
    
    <!--<Scene Name="HUDScene" Style="GenericSceneStyle" Camera="HUDCam" Timeline="scene_fade_in" Colour="64, 128, 200, 0" Batch="false" AllowFocus="true" VirtualTransform="800, 480" Visible="true">-->
    <Scene Name="ColourScene" Style="GenericSceneStyle" Camera="ColourCam" Colour="255,255,255,255" Batch="false" AllowFocus="true" VirtualTransform="800, 480" Visible="false" >
        <!-- Create a camera -->
        <Camera Name="ColourCam" Position="0, -2000" Angle="0" Scale="1.0" TouchPanX="false" TouchPanY="false" VelocityDamping="0.8, 0.8" IgnoreActors="false" />
        
        <!--Variable Name="MenuActive" Type="bool" Value="false" /-->
        
        <Variable Name="slider_test1" Type="float" Value="15" />
        
        <Variable Name="slider_red_value" Type="float" Value="0.5" />
        <Variable Name="slider_green_value" Type="float" Value="0.5" />
        <Variable Name="slider_blue_value" Type="float" Value="0.5" />
        <Variable Name="slider_alpha_value" Type="float" Value="1.0" />
        
        <Variable Name="ListBoxItems" Type="arraystring" Size="6" 
        Value="Tracks, Muons, Inner Detector, EM Calorimeter, Hadron Calorimeter, Muon Detectors" />
        
        <!--Colours-->
        <!--Canvas Name="Buffer" Size="-70, -100" Docking="left"-->
        
        <Canvas Name="View1" Size="-50, -100" Background="BlackBox" BackgroundColour="0,0,0,130" Text="" Font="gulim">
                
            <ListBox Name="PrimitivesListBox" Size="-80, -12" Docking="top"
            MultiSelect="false" ItemsData="ListBoxItems" ItemsTargetType="text"
            ItemsTemplate="ListBoxEntryTemplate" HitTest="true" Draggable="false"
            Orientation="horizontal" ClipMargin="0,0,0,0" UseParentOpacity="false" Margin="8, 8, 64, 64" />
            
            
            <StackPanel Name="SP_sliders"  Size="-95, -65"  Orientation="vertical" Docking="bottom"  Margin="10, 10, 10, 10" UseParentOpacity="false">
                <!--<FromTemplate Template="sliderTemplate" base="red" boundTo="[Value]slider_red_value"/>-->
                <!--Label Background="BlackBox" Size="-90, 32" draggable="false" Text="Red" AlignH="left" Font="gulim" TextColour="255,0,0,255" TextMargin="0,0,0,0" /-->
                <Label Background="Groove" Size="-95, 0" draggable="false" Text="" AlignH="right" Font="gulim" TextColour="255,0,0,255" TextMargin="10,10,0,0">
                    <Slider Name="Slider_red" Value="0.5" ValueRange="0, 255" SliderSize="-80"
                    Background="Slider" BackgroundColour="200,60,60,255" SelectedColour="255, 200, 200, 255" Size="48, 48"
                    SliderType="horizontal"/>
                </Label>
                
                <!--Label Background="BlackBox" Size="-90, 32" draggable="false" Text="Green" AlignH="left" Font="gulim" TextColour="0,255,0,255" TextMargin="0,0,0,0" /-->
                <Label Background="Groove" Size="-95, 0" draggable="false" Text="" AlignH="right" Font="gulim" TextColour="0,255,0,255" TextMargin="10,10,0,0">
                    <Slider Name="Slider_green" Value="0.5" ValueRange="0, 255" SliderSize="-80"
                    Background="Slider" BackgroundColour="60,200,60,255" SelectedColour="200, 255, 200, 255" Size="48, 48"
                    SliderType="horizontal"/>
                </Label>
                
                <!--Label Background="BlackBox" Size="-90, 32" draggable="false" Text="Blue" AlignH="left" Font="gulim" TextColour="0,0,255,255" TextMargin="0,0,0,0" /-->
                <Label Background="Groove" Size="-95, 0" draggable="false" Text="" AlignH="right" Font="gulim" TextColour="0,0,255,255" TextMargin="10,10,0,0">
                    <Slider Name="Slider_blue" Value="0.5" ValueRange="0, 255" SliderSize="-80"
                    Background="Slider" BackgroundColour="60,60,200,255" SelectedColour="200, 200, 255, 255" Size="48, 48"
                    SliderType="horizontal" />
                </Label>
                
                <!--Label Background="BlackBox" Size="-90, 32" draggable="false" Text="Transparency" AlignH="left" Font="gulim" TextColour="255,255,255,255" TextMargin="0,0,0,0" /-->
                <Label Background="Groove" Size="-95, 0" draggable="false" Text="" AlignH="right" Font="gulim" TextColour="255,255,255,255" TextMargin="10,10,0,0">
                    <Slider Name="Slider_alpha" Value="0.5" ValueRange="0, 255" SliderSize="-80"
                    Background="Slider" BackgroundColour="200,200,200,150" SelectedColour="255, 255, 255, 200" Size="48, 48"
                    SliderType="horizontal" />
                </Label>
                
            </StackPanel>
            
            <StackPanel Name="SP2" Size="-12, -12" Orientation="vertical" AlignH="right" AlignV="top" SizeToContent="none" Docking="topright">
                <Label Name="MenuBotton" Background="Cross" Size="0,-90" AspectLock="y" SelectedColour="255, 255, 255, 255" Text="" Font="gulim"
                    OnBeginTouch="MenuBeginTouch" OnEndTouch="MenuEndTouch" OnTapped="HideMenuAction">
                    
                    <Actions Name="MenuBeginTouch">
                        <Action Method="SetTimeline" Param1="buttonin_anim" />
                        <Action Method="PlaySound" Param1="ui_tap" />
                    </Actions>
                    <Actions Name="MenuEndTouch">
                        <Action Method="SetTimeline" Param1="buttonout_anim" />
                    </Actions>
                    <Actions Name="HideMenuAction">
                        <Action Method="SetTimeline" Param1="fly_out" Param2="ColourScene" />
                        <Action Method="HideScene" Param1="ColourScene" />
                        <Action Method="DeactivateScene" Param1="ColourScene" />
                        <Action Method="SetCurrentScene" Param1="MenuScene" />
                    </Actions>
                    
                </Label>
            </StackPanel>
                
        </Canvas>
        <!--/Canvas-->

    
        <!--<Canvas Name="View1" Size="-60, -100" Background="PanelBrush" BackgroundColour="0,0,0,255" >
            <ListBox Name="PrimitivesListBox" Size="-60,-90" BackgroundColour="0,0,0,255" Docking="left" MultiSelect="false" 
                    ItemsData="ListBoxItems" ItemsTargetType="text" ItemsTemplate="ListBoxEntryTemplate" HitTest="true" Draggable="false"
                    Orientation="Vertical" UseParentOpacity="false" />
        </Canvas>-->
        
        <!--StackPanel Name="SP2" Size="80, 80" Orientation="vertical" AlignH="centre" AlignV="center" SizeToContent="none" Docking="topleft">
            <Label Name="MenuBotton" Background="MenuBrush" Size="64, 64" SelectedColour="128, 255, 200, 128" Text="" Font="gulim" 
                OnBeginTouch="MenuBeginTouch" OnEndTouch="MenuEndTouch" OnTapped="HideMenuAction">
                
                <Actions Name="MenuBeginTouch">
                    <Action Method="SetTimeline" Param1="buttonin_anim" />
                    <Action Method="PlaySound" Param1="ui_tap" />
                </Actions>
                <Actions Name="MenuEndTouch">
                    <Action Method="SetTimeline" Param1="buttonout_anim" />
                </Actions>
                <Actions Name="HideMenuAction">
                    <Action Method="SetCurrentScene" Param1="IwGxScene" />
                    <Action Method="SetTimeline" Param1="fly_out" Param2="MenuScene" />
                    <Action Method="SetVar" Param1="MenuActive" Param2="false" Param3="MenuScene" />
                </Actions>
                
            </Label>
        </StackPanel-->
        
        
        
    </Scene>
</xml>