<?xml version="1.0"?>
<xml>
    

    
    <!--Template Name="listBoxEntryTemplate">
        <Label Name="ListItemA$index$" Size="-60, 64" Background="BoxButton"
        BackgroundColour="210, 210, 210, 255" SelectedColour="80, 80, 255, 255"
        Font="gulim" TextColour="210, 210, 240, 255"
        SelectedTextColour="40, 150, 255, 255" Margin="10, 10, 10, 10" SelectType="toggle"
        Selected="false" />
    </Template-->
    
    <Scene Name="menuButtonScene" Style="GenericSceneStyle" Camera="menButCam" Colour="255,255,255,255" Batch="false" AllowFocus="true" VirtualTransform="800, 480" Visible="true">
        <Camera Name="menButCam" Position="0,0" Angle="0" Scale="1.0" TouchPanX="false" TouchPanY="false" VelocityDamping="0.8, 0.8" IgnoreActors="false" />
        
        <Label Name="InfoText" Size="-24,-16" docking="topleft" Text="Click here to open the menu" Font="gulim" Margin="-20,0,8,8"/>
        <Label Name="ArrowLeft" Size="-16,-10" Background="Left" docking="topleft" Margin="-6,0,8,8"/>
        
        <StackPanel Name="SP1" Size="-12,-12" Orientation="vertical" AlignH="left" AlignV="top" SizeToContent="none" Docking="topleft">
            <Label Name="MenuBotton" Background="MenuBrush" Margin="8,8,8,8" Size="0,-90" AspectLock="y" SelectedColour="128, 255, 200, 128" Text="" Font="gulim"
                OnBeginTouch="MenuBeginTouch" OnEndTouch="MenuEndTouch" OnTapped="ShowMenuAction">
                
                <Actions Name="MenuBeginTouch">
                    <Action Method="SetTimeline" Param1="buttonin_anim" />
                    <Action Method="PlaySound" Param1="ui_tap" />
                </Actions>
                <Actions Name="MenuEndTouch">
                    <Action Method="SetTimeline" Param1="buttonout_anim" />
                </Actions>
                <Actions Name="ShowMenuAction">
                    <Action Method="SetTimeline" Param1="fly_in2" Param2="MenuScene" />
                    <Action Method="SetTimeline" Param1="fly_out" Param2="menuButtonScene" />
                    <Action Method="HideScene" Param1="menuButtonScene" />
                    <Action Method="SetCurrentScene" Param1="MenuScene" />
                    <Action Method="ActivateScene" Param1="MenuScene" />
                    <Action Method="ShowScene" Param1="MenuScene" />
                    <Action Method="SetVar" Param1="MenuActive" Param2="true" Param3="MenuScene" />
                </Actions>
                
                
            </Label>
        </StackPanel>
    </Scene>
    
    <!--<Scene Name="HUDScene" Style="GenericSceneStyle" Camera="HUDCam" Timeline="scene_fade_in" Colour="64, 128, 200, 0" Batch="false" AllowFocus="true" VirtualTransform="800, 480" Visible="true">-->
    <Scene Name="MenuScene" Style="GenericSceneStyle" Camera="MenuCam" Colour="255,255,255,255" Batch="false" AllowFocus="true" VirtualTransform="800, 480" Visible="false">
        <!-- Create a camera -->
        <Camera Name="MenuCam" Position="0,-100000" Angle="0" Scale="1.0" TouchPanX="false" TouchPanY="false" VelocityDamping="0.8, 0.8" IgnoreActors="false" />
        
        <Variable Name="MenuActive" Type="bool" Value="false" />
        <Variable Name="NextEvent" Type="bool" Value="false" />
        <Variable Name="PrevEvent" Type="bool" Value="false" />
        <Variable Name="SetEvent" Type="int" Value="-1" />
        <Variable Name="ResetGame" Type="bool" Value="false" />
        <Variable Name="GameID" Type="string" Value="" />
        
        <!--Variable Name="slider_test1" Type="float" Value="15" />
        
        <Variable Name="slider_red_value" Type="float" Value="0.5" />
        <Variable Name="slider_green_value" Type="float" Value="0.5" />
        <Variable Name="slider_blue_value" Type="float" Value="0.5" />
        <Variable Name="slider_alpha_value" Type="float" Value="1.0" />
        
        <Variable Name="ListBoxItems" Type="arraystring" Size="6" 
        Value="Tracks, Muons, Inner Detector, EM Calorimeter, Hadron Calorimeter, Muon Detectors" /-->
        
        
        
        <!--Colours-->
        
        <!--Canvas Name="View1" Size="-40, -100" Background="BlackBox" BackgroundColour="0,0,0,200">
            
            <ListBox Name="PrimitivesListBox" Size="-80, 64" Docking="top"
            MultiSelect="false" ItemsData="ListBoxItems" ItemsTargetType="text"
            ItemsTemplate="ListBoxEntryTemplate" HitTest="true" Draggable="false"
            Orientation="horizontal" ClipMargin="5, 5, 5, 5" UseParentOpacity="false" Margin="5, 5, 64, 5" />
            
            
            <StackPanel Name="SP_sliders"  Size="-95, -80"  Orientation="vertical" Docking="bottom"  Margin="10, 10, 10, 10" UseParentOpacity="false">
                <Label Background="Groove" Size="-95, 0" draggable="false" Text="" AlignH="right" Font="gulim" TextColour="255,0,0,255" TextMargin="10,10,0,0">
                    <Slider Name="Slider_red" Value="0.5" ValueRange="0, 255" SliderSize="-80"
                    Background="Slider" BackgroundColour="200,60,60,255" SelectedColour="255, 200, 200, 255" Size="48, 48"
                    SliderType="horizontal"/>
                </Label>
                
                <Label Background="Groove" Size="-95, 0" draggable="false" Text="" AlignH="right" Font="gulim" TextColour="0,255,0,255" TextMargin="10,10,0,0">
                    <Slider Name="Slider_green" Value="0.5" ValueRange="0, 255" SliderSize="-80"
                    Background="Slider" BackgroundColour="60,200,60,255" SelectedColour="200, 255, 200, 255" Size="48, 48"
                    SliderType="horizontal"/>
                </Label>

                <Label Background="Groove" Size="-95, 0" draggable="false" Text="" AlignH="right" Font="gulim" TextColour="0,0,255,255" TextMargin="10,10,0,0">
                    <Slider Name="Slider_blue" Value="0.5" ValueRange="0, 255" SliderSize="-80"
                    Background="Slider" BackgroundColour="60,60,200,255" SelectedColour="200, 200, 255, 255" Size="48, 48"
                    SliderType="horizontal" />
                </Label>

                <Label Background="Groove" Size="-95, 0" draggable="false" Text="" AlignH="right" Font="gulim" TextColour="255,255,255,255" TextMargin="10,10,0,0">
                    <Slider Name="Slider_alpha" Value="0.5" ValueRange="0, 255" SliderSize="-80"
                    Background="Slider" BackgroundColour="200,200,200,150" SelectedColour="255, 255, 255, 200" Size="48, 48"
                    SliderType="horizontal" />
                </Label>
                
            </StackPanel>
        </Canvas-->
    
        <!--<Canvas Name="View1" Size="-60, -100" Background="PanelBrush" BackgroundColour="0,0,0,255" >
            <ListBox Name="PrimitivesListBox" Size="-60,-90" BackgroundColour="0,0,0,255" Docking="left" MultiSelect="false" 
                    ItemsData="ListBoxItems" ItemsTargetType="text" ItemsTemplate="ListBoxEntryTemplate" HitTest="true" Draggable="false"
                    Orientation="Vertical" UseParentOpacity="false" />
        </Canvas>-->
        
        
        <!-- Other Options-->
        <Canvas Name="Buffer" Size="-30, -100" Background="BlackBox" BackgroundColour="0,0,0,200"  SelectedColour="0,0,0,200"  Docking="left"/>
        <ListBox Name="otherOptions" MultiSelect="false" Size="-30, -85" Position="0,10" Orientation="vertical" Docking="left" Margin="0,0,32,0">
            <Label Name ="changeColours" Background="BoxButton" Size="-95, -15" draggable="false" Text="Change Colours" AlignH="centre"
                Font="gulim" TextMargin="10,10,0,0" SelectType="normal" Selected="false" Margin="0,0,4,4"
                BackgroundColour="210, 210, 210, 225" SelectedColour="80, 80, 255, 255"
                OnBeginTouch="colourBeginTouch" OnEndTouch="colourEndTouch" OnTapped="ToggleColour"><!-- OnToggledOn="ShowColourMenu" OnToggledOff="HideColourMenu"-->
                
                <Actions Name="colourBeginTouch">
                    <Action Method="SetTimeline" Param1="buttonin_anim" />
                    <Action Method="PlaySound" Param1="ui_tap" />
                </Actions>
                <Actions Name="colourEndTouch">
                    <Action Method="SetTimeline" Param1="buttonout_anim" />
                </Actions>
                <!--Actions Name="ShowColourMenu">
                    <Action Method="ActivateScene" Param1="ColourScene" />
                    <Action Method="ShowScene" Param1="ColourScene" />
                    <Action Method="SetCurrentScene" Param1="ColourScene" />
                    <Action Method="SetTimeline" Param1="fly_in2" Param2="ColourScene" />
                    <Action Method="SetVar" Param1="ColourActive" Param2="true" />
                </Actions>
                <Actions Name="HideColourMenu">
                    <Action Method="HideScene" Param1="ColourScene" />
                    <Action Method="DeactivateScene" Param1="ColourScene" />
                    <Action Method="SetCurrentScene" Param1="MenuScene" />
                    <Action Method="SetTimeline" Param1="fly_out" Param2="ColourScene" />
                    <Action Method="SetVar" Param1="ColourActive" Param2="false" />
                </Actions-->
                <Actions Name="ToggleColour">
                    <Action Method="SetTimeline" Param1="fly_in2" Param2="ColourScene"/>
                    <Action Method="ShowScene" Param1="ColourScene" />
                    <Action Method="ActivateScene" Param1="ColourScene" />
                    <Action Method="SetCurrentScene" Param1="ColourScene" />
                </Actions>
            </Label>
            
            <Label Name ="endcapButton" Background="BoxButton" Size="-95, -15" draggable="false" Text="Hide Endcaps" AlignH="centre"
                Font="gulim" TextMargin="10,10,0,0" SelectType="toggle" Selected="false" SelectedText="Show Endcaps"
                BackgroundColour="210, 210, 210, 225" SelectedColour="80, 80, 255, 255" Margin="0,0,4,4"
                OnBeginTouch="projBeginTouch" OnEndTouch="projEndTouch"><!-- OnTapped="HideMenuAction"-->
                
                <Actions Name="projBeginTouch">
                    <Action Method="SetTimeline" Param1="buttonin_anim" />
                    <Action Method="PlaySound" Param1="ui_tap" />
                </Actions>
                <Actions Name="projEndTouch">
                    <Action Method="SetTimeline" Param1="buttonout_anim" />
                </Actions>
                <Actions Name="HideMenuAction">
                    <Action Method="SetCurrentScene" Param1="IwGxScene" />
                    <Action Method="SetTimeline" Param1="fly_out" Param2="MenuScene" />
                    <Action Method="SetTimeline" Param1="fly_out" Param2="ColourScene" />
                    <!--Action Method="HideScene" Param1="ColourScene" /-->
                    <!--Action Method="DeactivateScene" Param1="ColourScene" /-->
                    <!--Action Method="HideScene" Param1="MenuScene" /-->
                    <!--Action Method="DeactivateScene" Param1="MenuScene" /-->
                    <Action Method="SetVar" Param1="MenuActive" Param2="false" Param3="MenuScene" />
                </Actions>
            </Label>
            
            <Label Name ="detectorVisiblityButton" Background="BoxButton" Size="-95, -15" draggable="false" Text="Hide Detectors" AlignH="centre"
                Font="gulim" TextMargin="10,10,0,0" SelectType="toggle" Selected="false" SelectedText ="Show Detectors"
                BackgroundColour="210, 210, 210, 255" SelectedColour="80, 80, 255, 255" Margin="0,0,4,4"
                OnBeginTouch="showDetsBeginTouch" OnEndTouch="showDetsEndTouch"><!-- OnTapped="HideMenuAction"-->
                
                <Actions Name="showDetsBeginTouch">
                    <Action Method="SetTimeline" Param1="buttonin_anim" />
                    <Action Method="PlaySound" Param1="ui_tap" />
                </Actions>
                <Actions Name="showDetsEndTouch">
                    <Action Method="SetTimeline" Param1="buttonout_anim" />
                </Actions>
                <Actions Name="HideMenuAction">
                    <Action Method="SetCurrentScene" Param1="IwGxScene" />
                    <Action Method="SetTimeline" Param1="fly_out" Param2="MenuScene" />
                    <Action Method="SetTimeline" Param1="fly_out" Param2="ColourScene" />
                    <!--Action Method="HideScene" Param1="ColourScene" /-->
                    <!--Action Method="DeactivateScene" Param1="ColourScene" /-->
                    <!--Action Method="HideScene" Param1="MenuScene" /-->
                    <!--Action Method="DeactivateScene" Param1="MenuScene" /-->
                    <Action Method="SetVar" Param1="MenuActive" Param2="false" Param3="MenuScene" />
                </Actions>
            </Label>
            
            <Label Name ="animateEventButton" Background="BoxButton" Size="-95, -15" draggable="false" Text="Animate" AlignH="centre"
                Font="gulim" TextMargin="10,10,0,0" SelectType="toggle" Selected="false"
                BackgroundColour="210, 210, 210, 255" SelectedColour="80, 80, 255, 255" Margin="0,0,4,4"
                OnBeginTouch="animateEventBeginTouch" OnEndTouch="animateEventEndTouch"><!-- OnTapped="HideMenuAction"-->
                
                <Actions Name="animateEventBeginTouch">
                    <Action Method="SetTimeline" Param1="buttonin_anim" />
                    <Action Method="PlaySound" Param1="ui_tap" />
                </Actions>
                <Actions Name="animateEventEndTouch">
                    <Action Method="SetTimeline" Param1="buttonout_anim" />
                </Actions>
                <Actions Name="HideMenuAction">
                    <Action Method="SetTimeline" Param1="fly_out" Param2="MenuScene" />
                    <Action Method="SetTimeline" Param1="fly_out" Param2="ColourScene" />
                    <Action Method="SetCurrentScene" Param1="IwGxScene" />
                    <!--Action Method="HideScene" Param1="ColourScene" /-->
                    <!--Action Method="DeactivateScene" Param1="ColourScene" /-->
                    <!--Action Method="HideScene" Param1="MenuScene" /-->
                    <!--Action Method="DeactivateScene" Param1="MenuScene" /-->
                    <Action Method="SetVar" Param1="MenuActive" Param2="false" Param3="MenuScene" />
                </Actions>
            </Label>
            
            
            <Label Name ="transverseButton" Background="BoxButton" Size="-95, -15" draggable="false" Text="Side View" AlignH="centre"
                Font="gulim" TextMargin="10,10,0,0" SelectType="toggle" Selected="false"
                BackgroundColour="210, 210, 210, 255" SelectedColour="80, 80, 255, 255" Margin="0,0,4,4"
                OnBeginTouch="transverseBeginTouch" OnEndTouch="transverseEndTouch">
                
                <Actions Name="transverseBeginTouch">
                    <Action Method="SetTimeline" Param1="buttonin_anim" />
                    <Action Method="PlaySound" Param1="ui_tap" />
                </Actions>
                <Actions Name="transverseEndTouch">
                    <Action Method="SetTimeline" Param1="buttonout_anim" />
                </Actions>
            </Label>
            
            <Label Name ="resetButton" Background="BoxButton" Size="-95, -15" draggable="false" Text="Reset View" AlignH="centre"
                Font="gulim" TextMargin="10,10,0,0" SelectType="toggle" Selected="false"
                BackgroundColour="210, 210, 210, 255" SelectedColour="80, 80, 255, 255" Margin="0,0,4,4"
                OnBeginTouch="resetBeginTouch" OnEndTouch="resetEndTouch">
                
                <Actions Name="resetBeginTouch">
                    <Action Method="SetTimeline" Param1="buttonin_anim" />
                    <Action Method="PlaySound" Param1="ui_tap" />
                </Actions>
                <Actions Name="resetEndTouch">
                    <Action Method="SetTimeline" Param1="buttonout_anim" />
                </Actions>
            </Label>
            
            <Label Name ="exitToMenuButton" Background="BoxButton" Size="-95, -15" draggable="false" Text="Exit to Menu" AlignH="centre"
                Font="gulim" TextMargin="10,10,0,0" SelectType="toggle" Selected="false"
                BackgroundColour="210, 210, 210, 255" SelectedColour="80, 80, 255, 255" Margin="0,0,4,4"
                OnBeginTouch="exitToMenuBeginTouch" OnEndTouch="exitToMenuEndTouch" OnTapped="exitToMenuAction">
                
                <Actions Name="exitToMenuBeginTouch">
                    <Action Method="SetTimeline" Param1="buttonin_anim" />
                    <Action Method="PlaySound" Param1="ui_tap" />
                </Actions>
                <Actions Name="exitToMenuEndTouch">
                    <Action Method="SetTimeline" Param1="buttonout_anim" />
                </Actions>
                <Actions Name="exitToMenuAction">
                    <Action Method="SetTimeline" Param1="fly_out" Param2="MenuScene" />
                    <Action Method="SetTimeline" Param1="fly_out" Param2="menuButtonScene" />
                    <Action Method="SetVar" Param1="MenuActive" Param2="false" Param3="MenuScene" />
                    <Action Method="SetVar" Param1="GameActive" Param2="false" Param3="GameScene" />
                    <Action Method="SetVar" Param1="LiveActive" Param2="false" Param3="LiveScene" />
                    <Action Method="KillScene" Param1="IwGxScene" />
                    <Action Method="KillScene" Param1="ColourScene" />
                    <Action Method="KillScene" Param1="GameScene" />
                    <Action Method="KillScene" Param1="GameMenu" />
                    <Action Method="KillScene" Param1="LiveScene" />
                    <Action Method="KillScene" Param1="LiveMenu" />
                    <Action Method="LoadXOML" Param1="LandingScreen.xml" />
                    <Action Method="LoadXOML" Param1="SelectedGame" />
                </Actions>
            </Label>
        </ListBox>
        
        <StackPanel Name="SP2" Size="-12,-12" Orientation="vertical" AlignH="left" AlignV="top" SizeToContent="none" Docking="topleft">
            <Label Name="MenuBotton" Background="Cross" Size="0, -90" AspectLock="y" Margin="8,8,8,8" SelectedColour="128, 255, 200, 128" Text="" Font="gulim"
                OnBeginTouch="MenuBeginTouch" OnEndTouch="MenuEndTouch" OnTapped="HideMenuAction">
                
                <Actions Name="MenuBeginTouch">
                    <Action Method="SetTimeline" Param1="buttonin_anim" />
                    <Action Method="PlaySound" Param1="ui_tap" />
                </Actions>
                <Actions Name="MenuEndTouch">
                    <Action Method="SetTimeline" Param1="buttonout_anim" />
                </Actions>
                <Actions Name="HideMenuAction">
                    <Action Method="SetTimeline" Param1="fly_in2" Param2="menuButtonScene" />
                    <Action Method="ShowScene" Param1="menuButtonScene" />
                    <Action Method="SetTimeline" Param1="fly_out" Param2="MenuScene" />
                    <Action Method="SetTimeline" Param1="fly_out" Param2="ColourScene" />
                    <Action Method="SetCurrentScene" Param1="IwGxScene" />
                    <!--Action Method="HideScene" Param1="ColourScene" /-->
                    <!--Action Method="DeactivateScene" Param1="ColourScene" /-->
                    <!--Action Method="HideScene" Param1="MenuScene" /-->
                    <!--Action Method="DeactivateScene" Param1="MenuScene" /-->
                    <Action Method="SetVar" Param1="MenuActive" Param2="false" Param3="MenuScene" />
                </Actions>
                
            </Label>
        </StackPanel>
        
        <Label Name="MenuHelp" Text="Scroll the menu to the bottom to see all options." Font="gulim" Size="-26,-30" docking="topleft" Margin="-31,8,-10,8"/>
        
        
    </Scene>
</xml>