<?xml version="1.0"?>
<xml xmlns:xsi="http://www.w3.org/2001/XMLSchema-instance" xsi:noNamespaceSchemaLocation="file:///C:/AppEasy/docs/XOML.xsd">

    <!-- Load a UI style to style the user interface  -->
    <LoadXOML File="UIStyle.xml" />
    
    <!-- Create a vector animation -->
    <Animation Name="pos_anim" Duration="5" Type="vec2">
        <Frame Time="0" Value="0, 0" Easing="quadin"/>
        <Frame Time="1" Value="100, 100" Easing="quadout"/>
        <Frame Time="2" Value="0, 100" Easing="quadin"/>
        <Frame Time="3" Value="-100, 100" Easing="quadout"/>
        <Frame Time="4" Value="0, 0" />
    </Animation>
    <Animation Name="ang_anim" Duration="5" Type="float">
        <Frame Time="0" Value="0" />
        <Frame Time="2.5" Value="180" />
        <Frame Time="5" Value="0" />
    </Animation>

    <!-- Create a timeline that targets the pos_anim at the Position property -->
    <Timeline Name="pos_anim1" AutoPlay="true">
        <Animation Anim="pos_anim" Repeat="0" Target="Position" />
        <Animation Anim="ang_anim" Repeat="0" Target="Angle" />
    </Timeline>

    <!-- Create scene with narrow extents -->
    <Scene Name="Scene1" Current="true" Timeline="pos_anim1" Camera="Camera1">
        
        <!-- Create a camera -->
        <Camera Name="Camera1" />

        <!-- Create a label object -->
        <Label Font="serif" Background="Button1Brush" BackgroundColour="255, 80, 80, 255" Text="Scene Animation" />

    </Scene>


</xml>