<?xml version="1.0"?>
<xml xmlns:xsi="http://www.w3.org/2001/XMLSchema-instance" xsi:noNamespaceSchemaLocation="file:///C:/AppEasy/docs/XOML.xsd">

    <!-- Load a UI style to style the user interface  -->
    <LoadXOML File="UIStyle.xml" />

    <!-- Create a scene with physics enabled -->
    <Scene Name="Scene1" Current="true" Physics="true" Gravity="0, 10" Camera="Camera1" DoSleep="true">

        <!-- Create touch pan camera -->
        <Camera Name="Camera1" />

        <!-- create Box2D materials -->
        <Box2dMaterial Name="Bouncey" Type="dynamic" Density="1.0" Friction="0.7" Restitution="0.3" />
        <Box2dMaterial Name="Heavy" Type="static" Density="2.0" Friction="0.8" Restitution="0.8" />

        <!-- create Box2D shapes -->
        <Shape Name="Button" Type="box" Width="100" Height="100" />
        <Shape Name="Floor" Type="box" Width="1000" Height="100" />

        <!-- Create the floor -->
        <Label Position="0, 150" Font="serif" Background="Button1Brush" BackgroundColour="255, 80, 255, 255" Size="1000, 100" Text="Floor" Shape="Floor" Box2dMaterial="Heavy" CollisionFlags="1, 1, 0" />

        <!-- Create boxes -->
        <Label Position="20, -480" Font="serif" Background="Button1Brush" BackgroundColour="80, 80, 255, 255" Size="100, 100" Text="Bouncey" Shape="Button" Box2dMaterial="Bouncey" CollisionFlags="1, 1, 0" OnCollisionStart="CollideStart" OnCollisionEnd="CollideEnd">
            <Modifiers>
                <Modifier Name="iw_notifycollision" Active="true" />
            </Modifiers>
            <Actions Name="CollideStart">
                <Action Method="SetProperty" Param1="Opacity" Param2="100" />
            </Actions>
            <Actions Name="CollideEnd">
                <Action Method="SetProperty" Param1="Opacity" Param2="255" />
            </Actions>
        </Label>
        <Label Position="-20, -380" Font="serif" Background="Button1Brush" BackgroundColour="255, 80, 80, 255" Size="100, 100" Text="Bouncey" Shape="Button" Box2dMaterial="Bouncey" CollisionFlags="1, 1, 0" OnCollisionStart="CollideStart" OnCollisionEnd="CollideEnd">
            <Modifiers>
                <Modifier Name="iw_notifycollision" Active="true" />
            </Modifiers>
            <Actions Name="CollideStart">
                <Action Method="SetProperty" Param1="Opacity" Param2="100" />
            </Actions>
            <Actions Name="CollideEnd">
                <Action Method="SetProperty" Param1="Opacity" Param2="255" />
            </Actions>
        </Label>
        <Label Position="-20, -200" Font="serif" Background="Button1Brush" BackgroundColour="80, 80, 255, 255" Size="100, 100" Text="Bouncey" Shape="Button" Box2dMaterial="Bouncey" CollisionFlags="1, 1, 0" OnCollisionStart="CollideStart" OnCollisionEnd="CollideEnd">
            <Modifiers>
                <Modifier Name="iw_notifycollision" Active="true" />
            </Modifiers>
            <Actions Name="CollideStart">
                <Action Method="SetProperty" Param1="Opacity" Param2="100" />
            </Actions>
            <Actions Name="CollideEnd">
                <Action Method="SetProperty" Param1="Opacity" Param2="255" />
            </Actions>
        </Label>
        <Label Position="20, -100" Font="serif" Background="Button1Brush" BackgroundColour="255, 80, 80, 255" Size="100, 100" Text="Bouncey" Shape="Button" Box2dMaterial="Bouncey" CollisionFlags="1, 1, 0" OnCollisionStart="CollideStart" OnCollisionEnd="CollideEnd">
            <Modifiers>
                <Modifier Name="iw_notifycollision" Active="true" />
            </Modifiers>
            <Actions Name="CollideStart">
                <Action Method="SetProperty" Param1="Opacity" Param2="100" />
            </Actions>
            <Actions Name="CollideEnd">
                <Action Method="SetProperty" Param1="Opacity" Param2="255" />
            </Actions>
        </Label>

    </Scene>


</xml>