<?xml version="1.0"?>
<xml xmlns:xsi="http://www.w3.org/2001/XMLSchema-instance" xsi:noNamespaceSchemaLocation="file:///C:/AppEasy/docs/XOML.xsd">

    <!-- Load a UI style to style the user interface  -->
    <LoadXOML File="UIStyle.xml" />

    <!-- Create a scene with physics enabled -->
    <Scene Name="Scene1" Current="true" >

        <!-- Create a aebel -->
        <Label Name="ParentLabel" Position="0, 0" Font="serif" Background="Button1Brush" BackgroundColour="80, 80, 255, 255" Size="100, 100" Text="Parent" AngularVelocity="1" >
            <!-- Create additional labels that are children of ParentLabel -->
            <!-- Child actors (a label is a form of actor that displays text with a background) will take on the transform and visibility of their parent actor -->
            <!-- Actor child hierarchy can be as deep as you like -->
            <Label Position="-150, 0" Font="serif" Background="Button1Brush" BackgroundColour="255, 80, 80, 255" Size="70, 70" Text="Child1" AngularVelocity="5" />
            <Label Position="150, 0" Font="serif" Background="Button1Brush" BackgroundColour="255, 80, 80, 255" Size="70, 70" Text="Child2" AngularVelocity="-5" />
            <Label Position="0, -150" Font="serif" Background="Button1Brush" BackgroundColour="255, 80, 80, 255" Size="70, 70" Text="Child3" AngularVelocity="5" />
            <Label Name="ParentLabel2" Position="0, 150" Font="serif" Background="Button1Brush" BackgroundColour="255, 80, 80, 255" Size="70, 70" Text="Child4" AngularVelocity="-5">
                <!-- The Icon is a child of ParentLabel2 -->
                <Icon Origin="0, 80" Background="Button1Brush" BackgroundColour="80, 255, 80, 255" Size="20, 20" AngularVelocity="7.5" />
            </Label>
        </Label>

        <!-- ActorText actors display text without a background -->
        <ActorText Font="serif" Text="Hello World" Position="300, 20" />

    </Scene>


</xml>