<?xml version="1.0"?>
<xml xmlns:xsi="http://www.w3.org/2001/XMLSchema-instance" xsi:noNamespaceSchemaLocation="file:///C:/AppEasy/docs/XOML.xsd">

    <!-- Load a UI style to style the user interface  -->
    <LoadXOML File="UIStyle.xml" />
    
    <!-- Create a variable that holds the labels position -->
    <Variable Name="LabelPosition" Type="vec2" Value="0, 0" />

    <!-- Create a variable that holds the labels angle -->
    <Variable Name="LabelAngle" Type="float" Value="0" />
    
    <!-- Create a data bindings list -->
    <Bindings Name="LabelBindings">
        <Binding Property="Position" Variable="LabelPosition" />
        <Binding Property="Angle" Variable="LabelAngle" />
    </Bindings>

    <!-- Create a scene -->
    <Scene Name="Scene1" Current="true">

        <!-- Create a button that is bound using the LabelBindings list -->
        <Label Font="serif" Text="Tap Me" BackgroundColour="80, 80, 255, 255" Background="Button1Brush" Bindings="LabelBindings" OnTapped="Update">
            <Actions Name="Update">
                <Action Method="AddVar" Param1="LabelPosition" Param2="20, 15" />
                <Action Method="AddVar" Param1="LabelAngle" Param2="5" />
            </Actions>
        </Label>

    </Scene>


</xml>