<?xml version="1.0"?>
<xml xmlns:xsi="http://www.w3.org/2001/XMLSchema-instance" xsi:noNamespaceSchemaLocation="file:///C:/AppEasy/docs/XOML.xsd">

    <!-- Load a UI style to style the user interface  -->
    <LoadXOML File="UIStyle.xml" />
    
    <!-- Create a scene -->
    <Scene Name="Scene1" Current="true" >

        <!-- Create a basic list box -->
        <ListBox Name="Menu" Size="-100, -100" Background="PanelBrush" AlignH="centre" ClipMargin="10, 10, 10, 10" SelectedIndex="1">
            <Label Background="Button1Brush" Size="-80, -20" SelectedColour="128, 255, 128, 255" Text="Option 1" Font="serif" />
            <Label Background="Button2Brush" Size="-90, -20" SelectedColour="128, 255, 200, 255" Text="Option 2" Font="serif" />
            <Label Background="Button1Brush" Size="-90, -20" SelectedColour="128, 255, 200, 255" Text="Option 3" Font="serif" />
            <Label Background="Button2Brush" Size="-90, -20" SelectedColour="128, 128, 200, 255" Text="Option 4" Font="serif" />
            <Label Background="Button1Brush" Size="-90, -20" SelectedColour="128, 255, 200, 255" Text="Option 5" Font="serif" />
            <Label Background="Button2Brush" Size="-90, -20" SelectedColour="128, 255, 128, 255" Text="Option 6" Font="serif" />
            <Label Background="Button1Brush" Size="-90, -20" SelectedColour="128, 128, 200, 255" Text="Option 7" Font="serif" />
        </ListBox>

    </Scene>


</xml>