<xml><Event version="17.2.1.4" runNumber="203258" eventNumber="105740575" dataTime="2012-05-12 18:19:47 UTC">

    <LAr3DEt>
        18.1 9.2 7.4 8.1</LAr3DEt>
    <LAr3Dphi>
        10 11 10 9</LAr3Dphi>
    <LAr3Dpsi>
        10 12 9 13</LAr3Dpsi>
    
    <TILE3DEt>
        11.0 15.12 3.8 3.2 2.2</TILE3DEt>
    <TILE3Dphi>
        10 10 8 9 11</TILE3Dphi>
    <TILE3Dpsi>
        10 9 12 10 12</TILE3Dpsi>
    
    <Track count="9" storeGateKey="Tracks">
        
        <cotTheta>
             0.00123 0.4268 0.3438 0.6538 0.7338 0.4461 0.6268 0.7438 0.8538
        </cotTheta>
        <d0>
            0.00447623 0.00347623 0.01347623 0.00347623 0.00347623 0.01347623 0.00347623 0.00347623 0.01347623
        </d0>
        <nPixHits>
            3 3 3 3 3 3 3 3 3
        </nPixHits>
        <nSCTHits>
            14 14 14 14 14 14 14 14 14
        </nSCTHits>
        <nTRTHits>
            6 6 6 6 6 6 6 6 6
        </nTRTHits>
        <phi0>
            2.3 2.185 2.201 1.999 2.322 2.003 2.199 2.122 2.015
        </phi0>
        <pt>
            -2.1 4.994 -8.994 9.994 3.994 -4.994 -8.994 9.994 3.994
        </pt>
        <z0>
            0.017324 0.017324 0.017324 0.017324 0.017324 0.017324 0.017324 0.017324 0.017324 
        </z0>
    </Track></Event></xml>