<?xml version="1.0"?>
<xml xmlns:xsi="http://www.w3.org/2001/XMLSchema-instance" xsi:noNamespaceSchemaLocation="file:///C:/AppEasy/docs/XOML.xsd">

    <!-- Load a UI style to style the user interface  -->
    <LoadXOML File="UIStyle.xml" />
    
    <!-- Create a variable that holds a message -->
    <Variable Name="Message" Type="string" />

    <!-- Create a scene -->
    <Scene Name="Scene1" Current="true">

        <!-- Create a simple porgram that changes the message very 2 seconds -->
        <Program Name="Main" AutoRun="true">
            <Command Name="Start" Method="set_var" Param1="Message" Param2="Hello" />
            <Command Method="wait" Param1="2" />
            <Command Method="set_var" Param1="Message" Param2="Goodbye" />
            <Command Method="wait" Param1="2" />
            <Command Method="goto" Param1="Start" />
        </Program>
        
        <!-- Create a button with the message bound to the text property -->
        <Label Font="serif" Background="Button1Brush" Binding="[Text]Message" />


    </Scene>


</xml>