<?xml version="1.0"?>
<xml xmlns:xsi="http://www.w3.org/2001/XMLSchema-instance" xsi:noNamespaceSchemaLocation="file:///C:/AppEasy/docs/XOML.xsd">

    <!-- Load a UI style to style the user interface  -->
    <LoadXOML File="UIStyle.xml" />
    
    <!-- Load sound effect -->
    <Sound Name="explosion" Location="explosion.wav" />

    <!-- Create a scene -->
    <Scene Name="Scene1" Current="true" >

        <!-- Create a label button that when tapped plays a sound effect  -->
        <Label Font="serif" Background="Button1Brush" BackgroundColour="80, 80, 255, 255" Size="100, 100" Text="Tap Me!" OnTapped="Explosion">
            <Actions Name="Explosion">
                <Action Method="PlaySound" Param1="explosion" />
            </Actions>
        </Label>

    </Scene>


</xml>