<?xml version="1.0"?>
<xml xmlns:xsi="http://www.w3.org/2001/XMLSchema-instance" xsi:noNamespaceSchemaLocation="file:///C:/AppEasy/docs/XOML.xsd">

    <!-- Load a UI style to style the user interface  -->
    <LoadXOML File="UIStyle.xml" />

    <!-- Create variables to store the text we enter -->
    <Variable Name="SliderVal" Type="float" Value="15" />
    
    <!-- Create a scene -->
    <Scene Name="Scene1" Current="true" >

        <!-- Create an Icon that contains a slider -->
        <Icon Background="SmallPanelBrush" Size="200, 50">
            <Slider Name="Slider1" Value="15" ValueRange="10, 20" SliderSize="-80" Background="Button1Brush" SelectedColour="255, 200, 200, 255" Size="48, 48" SliderType="horizontal" Binding="[Value]SliderVal" />
        </Icon>
        
        <!-- Create a label to show the sliders current value -->
        <Label Font="serif" Position="0, 80" Background="Button2Brush" Binding="[Text]SliderVal" />

    </Scene>


</xml>