<?xml version="1.0"?>
<xml xmlns:xsi="http://www.w3.org/2001/XMLSchema-instance" xsi:noNamespaceSchemaLocation="file:///C:/AppEasy/docs/XOML.xsd">

    <!-- Load a UI style to style the user interface  -->
    <LoadXOML File="UIStyle.xml" />

    <!-- Create scene 1 on highest layer -->
    <Scene Name="Scene1" Layer="9">

        <!-- Create a label object -->
        <Label Font="serif" Background="Button1Brush" BackgroundColour="255, 80, 80, 255" Text="Foreground" Size="300, 300" Docking="top" />

    </Scene>

    <!-- Create scene 2 on middle layer -->
    <Scene Name="Scene2" Layer="5">

        <!-- Create a label object -->
        <Label Font="serif" Background="Button1Brush" BackgroundColour="80, 255, 80, 255" Text="Midgrond" Size="300, 300" Docking="left" />

    </Scene>

    <!-- Create scene 3 on highest layer -->
    <Scene Name="Scene3" Layer="0">

        <!-- Create a label object -->
        <Label Font="serif" Background="Button1Brush" BackgroundColour="80, 80, 255, 255" Text="Background" Size="400, 400" Position="0, 100" />

    </Scene>



</xml>