<?xml version="1.0"?>
<xml xmlns:xsi="http://www.w3.org/2001/XMLSchema-instance" xsi:noNamespaceSchemaLocation="file:///C:/AppEasy/docs/XOML.xsd">

    <!-- Load a UI style to style the user interface  -->
    <LoadXOML File="UIStyle.xml" />
    
    <!-- Create a scene -->
    <Scene Name="Scene1" Current="true" >

        <!-- Create a play button  -->
        <Label Position="-100, 0" Font="serif" Background="Button1Brush" BackgroundColour="80, 255, 80, 255" Size="100, 100" Text="Play" OnTapped="Play">
            <Actions Name="Play">
                <Action Method="PlayMusic" Param1="music.mp3" />
            </Actions>
        </Label>

        <!-- Create a stop button  -->
        <Label Position="100, 0" Font="serif" Background="Button1Brush" BackgroundColour="255, 80, 80, 255" Size="100, 100" Text="Stop" OnTapped="Stop">
            <Actions Name="Stop">
                <Action Method="StopMusic" />
            </Actions>
        </Label>

    </Scene>


</xml>