<?xml version="1.0"?>
<xml xmlns:xsi="http://www.w3.org/2001/XMLSchema-instance" xsi:noNamespaceSchemaLocation="file:///C:/AppEasy/docs/XOML.xsd">

    <Variable Name="CurrentScene" Type="string" Value="Scene2" />
    
    <!-- Create a scene with physics enabled -->
    <Scene Name="Scene2" Current="true" Physics="true" Gravity="0, 5" Camera="Camera1" DoSleep="false" ScriptEngine="lua" OnTick="TickActions">

        <Image Name="Crate" Location="crate.png" />
        <Brush Name="Crate" Image="Crate" />

        <!-- Define and load a Lua script -->
        <Script Name="Script1" Type="lua" />
        <File Name="File1" Location="Spawn.lua" FileType="lua" Preload="true" Script="Script1" />

        <!-- Create scene OnTick handler that calls a script function each scene update -->
        <Actions Name="TickActions">
            <Action Method="CallScript" Param1="Scene_OnTick" />
        </Actions>
        
        <!-- Create touch pan camera -->
        <Camera Name="Camera1" TouchPanX="true" TouchPanY="true" IgnoreActors="false" />

        <!-- Create Box2D materials -->
        <Box2dMaterial Name="Heavy" Type="dynamic" Density="2.0" Friction="0.8" Restitution="0.8" />
        <Box2dMaterial Name="FixedHeavy" Type="static" Density="1.0" Friction="0.8" Restitution="0.8" FixedRotation="true" GravityScale="0.5" />

        <!-- Create Box2D shapes -->
        <Shape Name="CrateShape" Type="box" Width="64" Height="64" />
        <Shape Name="Floor" Type="box" Width="2000" Height="100" />
        <Shape Name="LeftWall" Type="box" Width="100" Height="600" />
        <Shape Name="RightWall" Type="box" Width="100" Height="600" />
        
        <!-- Create the floor and walls -->
        <Label Position="0, 200" Font="serif" Background="Button1Brush" BackgroundColour="255, 80, 80, 255" Size="2000, 100" Text="Floor" Shape="Floor" Box2dMaterial="FixedHeavy" CollisionFlags="1, 1, 1" />
        <Icon Position="-1000, -100" Background="Button1Brush" BackgroundColour="255, 80, 80, 255" Size="100, 600" Shape="LeftWall" Box2dMaterial="FixedHeavy" CollisionFlags="1, 1, 1" />
        <Icon Position="1000, -100" Background="Button1Brush" BackgroundColour="255, 80, 80, 255" Size="100, 600" Shape="RightWall" Box2dMaterial="FixedHeavy" CollisionFlags="1, 1, 1" />

        <!-- Create an actor that checks for collision -->
        <Template Name="CrateTemplate">
            <Icon Type="1" Position="$pos$" Background="Crate" Shape="CrateShape" Box2dMaterial="Heavy" CollisionFlags="1, 1, 1" Draggable="true" OnCollisionStart="CollisionStart" OnCollisionEnd="CollisionEnd" >
                <Modifiers>
                    <Modifier Name="iw_notifycollision" Active="true" Param1="1" />
                </Modifiers>
                <Actions Name="CollisionStart">
                    <Action Method="AddVar" Param1="num_collisions" Param2="1"/>
                </Actions>
            </Icon>
        </Template>

        <!-- Create a variable to track number of collisions -->
        <Variable Name="num_collisions" Type="int" Value="0" />
        
        <!-- Create a label to display number of collisions -->
        <Label Font="serif" Background="Button1Brush" Docking="topleft" Binding="[Text]num_collisions" />
        
        

    </Scene>


</xml>