<?xml version="1.0"?>
<xml xmlns:xsi="http://www.w3.org/2001/XMLSchema-instance" xsi:noNamespaceSchemaLocation="file:///C:/AppEasy/docs/XOML.xsd">

    <!-- Load a UI style to style the user interface  -->
    <LoadXOML File="UIStyle.xml" />

    <!-- Create a scene with physics enabled -->
    <Scene Name="SwitcherScene" Current="true" AllowFocus="true" Layer="9">

        <StackPanel Orientation="horizontal" Size="-80, -10" Docking="top" >
            <Label Font="serif" Background="Button1Brush" BackgroundColour="255, 80, 80, 255" Size="-30, -100" Text="Scene 1" OnTapped="Tapped">
                <Actions Name="Tapped">
                    <Action Method="KillScene" P1="CurrentScene" />
                    <Action Method="LoadXOML" P1="Scene1.xml" />
                </Actions>
            </Label>
            <Label Font="serif" Background="Button1Brush" BackgroundColour="255, 80, 80, 255" Size="-30, -100" Text="Scene 2" OnTapped="Tapped">
                <Actions Name="Tapped">
                    <Action Method="KillScene" P1="CurrentScene" />
                    <Action Method="LoadXOML" P1="Scene2.xml" />
                </Actions>
            </Label>
            <Label Font="serif" Background="Button1Brush" BackgroundColour="255, 80, 80, 255" Size="-30, -100" Text="Scene 3" OnTapped="Tapped">
                <Actions Name="Tapped">
                    <Action Method="KillScene" P1="CurrentScene" />
                    <Action Method="LoadXOML" P1="Scene3.xml" />
                </Actions>
            </Label>

        </StackPanel>

    </Scene>

</xml>