<?xml version="1.0"?>
<xml xmlns:xsi="http://www.w3.org/2001/XMLSchema-instance" xsi:noNamespaceSchemaLocation="file:///C:/AppEasy/docs/XOML.xsd">

    <!-- Load a UI style to style the user interface  -->
    <LoadXOML File="UIStyle.xml" />
    
    <!-- Create a scene -->
    <Scene Name="Scene1" Current="true" Extents="-1000, -1000, 2000, 2000">

        <!-- Create Count variable (used by the loop) -->
        <Variable Name="Count" Type="int" Value="0" />
        <!-- Create LabelPos variable -->
        <Variable Name="LabelPos" Type="vec2" Value="0, 0" />

        <!-- Create a short program that demonstratesthe use of IfReturn abd Value -->
        <Program Name="Main" AutoRun="true">
            <Command Name="Start" Method="set_var" Param1="LabelPos" Param2="0, 0" />
            <Command Method="set_var" Param1="Count" Param2="0" />
            <Command Name="Loop1" Method="add_var" Param1="LabelPos" Param2="10, 10" />
                <Command Method="add_var" Param1="Count" Param2="1" />
                <Command Method="wait" Param1="0.5" />
                <Command Name="LoopCheck" Method="if_var" Param1="Count" Param2="LT" Param3="10" />
                <Command Method="goto" Param1="Loop1" IfReturn="LoopCheck" Value="1" />
            <Command Method="goto" Param1="Start" />
        </Program>

        <!-- Create a label -->
        <Label Size="100, 100" Font="serif" Background="Button1Brush" Text="Loop" WrapPosition="true" Binding="[Position]LabelPos" />

    </Scene>
    
</xml>