<?xml version="1.0"?>
<xml xmlns:xsi="http://www.w3.org/2001/XMLSchema-instance" xsi:noNamespaceSchemaLocation="file:///C:/AppEasy/docs/XOML.xsd">

    <!-- Load a UI style to style the user interface  -->
    <LoadXOML File="UIStyle.xml" />

    <!-- Create scene with large extents -->
    <Scene Name="Scene1" Extents="-1000, -1000, 2000, 2000" Current="true" Camera="Camera1">

        <!-- Create touch pan camera -->
        <Camera Name="Camera1" TouchPanX="true" TouchPanY="true" VelocityDamping="0.9, 0.9"/>
        
        <!-- Create a bunch of labels -->
        <Label Position="-1000, -1000" Font="serif" Background="Button1Brush" BackgroundColour="255, 80, 80, 255" Size="-40, -40" Text="Hello"  />
        <Label Position="-500, -1000" Font="serif" Background="Button1Brush" BackgroundColour="80, 80, 255, 255" Size="-40, -40" Text="Hallo"  />
        <Label Position="0, -1000" Font="serif" Background="Button1Brush" BackgroundColour="80, 255, 80, 255" Size="-40, -40" Text="Hej"  />
        <Label Position="500, -1000" Font="serif" Background="Button1Brush" BackgroundColour="255, 80, 255, 255" Size="-40, -40" Text="Bonjour"  />
        <Label Position="1000, -1000" Font="serif" Background="Button1Brush" BackgroundColour="80, 255, 255, 255" Size="-40, -40" Text="¡Hola"  />

        <Label Position="-1000, -500" Font="serif" Background="Button1Brush" BackgroundColour="255, 80, 80, 255" Size="-40, -40" Text="Hello"  />
        <Label Position="-500, -500" Font="serif" Background="Button1Brush" BackgroundColour="80, 80, 255, 255" Size="-40, -40" Text="Hallo"  />
        <Label Position="0, -500" Font="serif" Background="Button1Brush" BackgroundColour="80, 255, 80, 255" Size="-40, -40" Text="Hej"  />
        <Label Position="500, -500" Font="serif" Background="Button1Brush" BackgroundColour="255, 80, 255, 255" Size="-40, -40" Text="Bonjour"  />
        <Label Position="1000, -500" Font="serif" Background="Button1Brush" BackgroundColour="80, 255, 255, 255" Size="-40, -40" Text="¡Hola"  />

        <Label Position="-1000, 0" Font="serif" Background="Button1Brush" BackgroundColour="255, 80, 80, 255" Size="-40, -40" Text="Hello"  />
        <Label Position="-500, -0" Font="serif" Background="Button1Brush" BackgroundColour="80, 80, 255, 255" Size="-40, -40" Text="Hallo"  />
        <Label Position="0, 0" Font="serif" Background="Button1Brush" BackgroundColour="80, 255, 80, 255" Size="-40, -40" Text="Hej"  />
        <Label Position="500, 0" Font="serif" Background="Button1Brush" BackgroundColour="255, 80, 255, 255" Size="-40, -40" Text="Bonjour"  />
        <Label Position="1000, 0" Font="serif" Background="Button1Brush" BackgroundColour="80, 255, 255, 255" Size="-40, -40" Text="¡Hola"  />

        <Label Position="-1000, 500" Font="serif" Background="Button1Brush" BackgroundColour="255, 80, 80, 255" Size="-40, -40" Text="Hello"  />
        <Label Position="-500, 500" Font="serif" Background="Button1Brush" BackgroundColour="80, 80, 255, 255" Size="-40, -40" Text="Hallo"  />
        <Label Position="0, 500" Font="serif" Background="Button1Brush" BackgroundColour="80, 255, 80, 255" Size="-40, -40" Text="Hej"  />
        <Label Position="500, 500" Font="serif" Background="Button1Brush" BackgroundColour="255, 80, 255, 255" Size="-40, -40" Text="Bonjour"  />
        <Label Position="1000, 500" Font="serif" Background="Button1Brush" BackgroundColour="80, 255, 255, 255" Size="-40, -40" Text="¡Hola"  />

        <Label Position="-1000, 1000" Font="serif" Background="Button1Brush" BackgroundColour="255, 80, 80, 255" Size="-40, -40" Text="Hello"  />
        <Label Position="-500, 1000" Font="serif" Background="Button1Brush" BackgroundColour="80, 80, 255, 255" Size="-40, -40" Text="Hallo"  />
        <Label Position="0, 1000" Font="serif" Background="Button1Brush" BackgroundColour="80, 255, 80, 255" Size="-40, -40" Text="Hej"  />
        <Label Position="500, 1000" Font="serif" Background="Button1Brush" BackgroundColour="255, 80, 255, 255" Size="-40, -40" Text="Bonjour"  />
        <Label Position="1000, 1000" Font="serif" Background="Button1Brush" BackgroundColour="80, 255, 255, 255" Size="-40, -40" Text="¡Hola"  />


    </Scene>


</xml>