<?xml version="1.0"?>
<xml xmlns:xsi="http://www.w3.org/2001/XMLSchema-instance" xsi:noNamespaceSchemaLocation="file:///C:/AppEasy/docs/XOML.xsd">

    <!-- Load a UI style to style the user interface  -->
    <LoadXOML File="UIStyle.xml" />

    <!-- Load particle image -->
    <Image Name="Particle" Location="particle.png" Preload="true" />
    <Brush Name="Particle" Image="Particle" Type="image" UV="0, 0, 5, 0, 5, 5, 0, 5" Tiled="true" />

    <!-- Create a scene with physics enabled -->
    <Scene Name="Scene1" Current="true" Camera="Camera1" Batch="false" OnKeyBack="Exit">
        <Actions Name="Exit">
            <Action Method="Exit"/>
        </Actions>

        <Camera Name="Camera1" TouchPanX="true" TouchPanY="true" IgnoreActors="true" />

        <Icon Size="-200, -200" Brush="Particle" AngularVelocity="1.0" Depth="1" AspectLock="x" />
        <Icon Size="-200, -200" Brush="Particle" AngularVelocity="1.1" Depth="2" AspectLock="x" />
        <Icon Size="-200, -200" Brush="Particle" AngularVelocity="1.2" Depth="4" AspectLock="x" />
        <Icon Size="-200, -200" Brush="Particle" AngularVelocity="1.3" Depth="6" AspectLock="x" />
        <Icon Size="-200, -200" Brush="Particle" AngularVelocity="1.4" Depth="8" AspectLock="x" />
        <Icon Size="-200, -200" Brush="Particle" AngularVelocity="1.5" Depth="10" AspectLock="x" />

        <Label Font="Serif" Brush="Button1Brush" Text="Drag The Screen" Docking="top" IgnoreCamera="true" />

    </Scene>


</xml>