<?xml version="1.0"?>
<xml xmlns:xsi="http://www.w3.org/2001/XMLSchema-instance" xsi:noNamespaceSchemaLocation="file:///C:/AppEasy/docs/XOML.xsd">

    <!-- Load a UI style to style the user interface  -->
    <LoadXOML File="UIStyle.xml" />

    <Style Name="Button1">
        <Set Property="Font" Value="serif" />
        <Set Property="Background" Value="Button1Brush" />
        <Set Property="BackgroundColour" Value="0, 120, 255, 255" />
        <Set Property="Margin" Value="10, 10, 10, 10" />
    </Style>

    <!-- Create a scene -->
    <Scene Name="Scene1" Current="true" >

        <!-- Create a horizontal stack panel with a collection of buttons -->
        <WrapPanel Background="PanelBrush" Orientation="horizontal" Size="-100, -100" >
            <Label Text="Item 1" Size="-25, 50" Style="Button1" />
            <Label Text="Item 2" Size="-25, 50" Style="Button1" />
            <Label Text="Item 3" Size="-25, 50" Style="Button1" />
            <Label Text="Item 4" Size="-35, 50" Style="Button1" />
            <Label Text="Item 5" Size="-25, 50" Style="Button1" />
            <Label Text="Item 6" Size="-25, 50" Style="Button1" />
            <Label Text="Item 7" Size="-45, 50" Style="Button1" />
            <Label Text="Item 8" Size="-25, 50" Style="Button1" />
            <Label Text="Item 9" Size="-55, 50" Style="Button1" />
            <Label Text="Item 10" Size="-25, 50" Style="Button1" />
            <Label Text="Item 11" Size="-25, 50" Style="Button1" />
            <Label Text="Item 12" Size="-25, 50" Style="Button1" />
        </WrapPanel>

    </Scene>


</xml>