<?xml version="1.0"?>
<xml xmlns:xsi="http://www.w3.org/2001/XMLSchema-instance" xsi:noNamespaceSchemaLocation="file:///C:/AppEasy/docs/XOML.xsd">

    <!-- Load a UI style to style the user interface  -->
    <LoadXOML File="UIStyle.xml" />

    <!-- Create condition variables that check the systems screen size rating  -->
    <Variable Name="LowResCheck" Type="condition" Value="system:3 LTE 2" />
    <Variable Name="MedResCheck" Type="condition" Value="system:3 GT 2 AND system:3 LTE 3" />
    <Variable Name="HighResCheck" Type="condition" Value="system:3 GT 3" />

    <!-- Load image based on screen size rating  -->
    <Image Name="background" Location="low.png" Condition="LowResCheck" />
    <Image Name="background" Location="medium.png" Condition="MedResCheck" />
    <Image Name="background" Location="high.png" Condition="HighResCheck" />

    <!-- Create bacjkground brush -->
    <Brush Name="background" Image="background" Type="image" SrcRect="0, 0, 512, 512" />
    
    <!-- Create scene with narrow extents -->
    <Scene Name="Scene1" Current="true">

        <!-- Create a label object -->
        <Icon Background="background" Size="-100, -100" />

    </Scene>
    
</xml>