<?xml version="1.0" ?>
<xml>
    
<ClassificationGame name="Hunt the Higgs" author="Tom McLaughlan" level="3">
        
<Link title="Online Help" url="http://collider.physics.ox.ac.uk/higgs.html"/>

    <Event type="W to electron+neutrino" file="HiggsGame/Android.JiveXML_191933_59630340.xml"/>
    <Event type="Background" file="HiggsGame/Android.Event_009.xml"/>
    <Event type="Z to electron+positron" file="HiggsGame/Android.JiveXML_191933_59697574.xml"/>
    <Event type="W to muon+neutrino" file="HiggsGame/Android.JiveXML_191933_68733836.xml"/>
    <Event type="W to electron+neutrino" file="HiggsGame/Android.JiveXML_191933_59661810.xml"/>
    <Event type="W to muon+neutrino" file="HiggsGame/Android.JiveXML_191933_68718034.xml"/>
    <Event type="W to muon+neutrino" file="HiggsGame/Android.JiveXML_191933_68701330.xml"/>
    <Event type="Background" file="HiggsGame/Android.Event_013.xml"/>
    <Event type="W to electron+neutrino" file="HiggsGame/Android.JiveXML_191933_59522294.xml"/>
    <Event type="W to electron+neutrino" file="HiggsGame/Android.JiveXML_191933_59600954.xml"/>
    <Event type="W to muon+neutrino" file="HiggsGame/Android.JiveXML_191933_68893217.xml"/>
    <Event type="Background" file="HiggsGame/Android.Event_004.xml"/>
    <Event type="W to electron+neutrino" file="HiggsGame/Android.JiveXML_191933_59563548.xml"/>
    <Event type="W to muon+neutrino" file="HiggsGame/Android.JiveXML_191933_68886768.xml"/>
    <Event type="Higgs to 4 leptons" file="HiggsGame/higgs1.xml"/>
    <Event type="Z to muon+antimuon" file="HiggsGame/Android.JiveXML_191933_68718368.xml"/>
    <Event type="Background" file="HiggsGame/Android.Event_006.xml"/>
    <Event type="W to electron+neutrino" file="HiggsGame/Android.JiveXML_191933_59565409.xml"/>
    <Event type="W to muon+neutrino" file="HiggsGame/Android.JiveXML_191933_68724550.xml"/>
    <Event type="W to muon+neutrino" file="HiggsGame/Android.JiveXML_191933_68855898.xml"/>

</ClassificationGame>

</xml>