<?xml version="1.0"?>
<xml>
    <!-- Create UI font -->
    <!--ResourceGroup Name="Fonts" GroupFile="Fonts.group" Preload="false" /-->
    <!--Variable Name="LowResCheck" Type="condition" Value="system:3 LTE 4" />
    <Variable Name="MidResCheck" Type="condition" Value="system:3 GT 4 AND system:3 LT 12" />
    <Variable Name="HighResCheck" Type="condition" Value="system:3 GTE 12" /-->
    
    <!--Font Name="helv_small" ResourceName="helv18" Location="Fonts" Condition="LowResCheck" />
    <Font Name="helv_small" ResourceName="helv24" Location="Fonts" Condition="MidResCheck" />
    <Font Name="helv_small" ResourceName="helv36" Location="Fonts" Condition="HighResCheck" />
    <Font Name="helv_mid" ResourceName="helv24" Location="Fonts" Condition="LowResCheck" />
    <Font Name="helv_mid" ResourceName="helv36" Location="Fonts" Condition="MidResCheck" />
    <Font Name="helv_mid" ResourceName="helv48" Location="Fonts" Condition="HighResCheck" />
    <Font Name="helv_large" ResourceName="helv36" Location="Fonts" Condition="LowResCheck" />
    <Font Name="helv_large" ResourceName="helv48" Location="Fonts" Condition="MidResCheck" />
    <Font Name="helv_large" ResourceName="helv64" Location="Fonts" Condition="HighResCheck" /-->

    <Font Name="gulim" Location="Gulim.ttf" AutoPointSize="57" PointSize="0" Preload="false" />
    <!--Font Name="gulim_small" Location="Gulim.ttf" AutoPointSize="85" PointSize="0" Preload="false" /-->
    <!--Font Name="gulim_mid" Location="Gulim.ttf" AutoPointSize="48" PointSize="0" Preload="false" /-->
    <Font Name="gulim_large" Location="Gulim.ttf" AutoPointSize="34" PointSize="0" Preload="false" />
    <Font Name="gulim_vlarge" Location="Gulim.ttf" AutoPointSize="16" PointSize="0" Preload="false" />

    <!-- Load UI image atlas -->
    <Image Name="question_image" Location="qmark.png" Preload="false" Format="RGBA_8888" Filter="true" />
    <Image Name="menu_image" Location="menu.png" Preload="false" Format="RGBA_8888" Filter="true" />
    <Image Name="cross_image" Location="cross.png" Preload="false" Format="RGBA_8888" Filter="true" />
    <Image Name="black_box" Location="box.png" Preload="false" Format="RGBA_8888" Filter="true" />
    <Image Name="box_under" Location="boxunder.png" Preload="false" Format="RGBA_8888" Filter="true" />
    <Image Name="box_outline" Location="boxoutline.png" Preload="false" Format="RGBA_8888" Filter="true" />
    <Image Name="slider" Location="slide.png" Preload="false" Format="RGBA_8888" Filter="true" />
    <Image Name="groove" Location="slide_groove.png" Preload="false" Format="RGBA_8888" Filter="true" />
    <Image Name="back" Location="back.png" Preload="false" Format="RGBA_8888" Filter="true" />
    <Image Name="refresh" Location="refresh.png" Preload="false" Format="RGBA_8888" Filter="true" />
    <Image Name="home" Location="home.png" Preload="false" Format="RGBA_8888" Filter="true" />
    
    <Image Name="next" Location="next.png" Preload="false" Format="RGBA_8888" Filter="true" />
    <!--Image Name="prev" Location="prev.png" Preload="false" Format="RGBA_8888" Filter="true" /-->
    
    <Image Name="left" Location="pointleft.png" Preload="false" Format="RGBA_8888" Filter="true" />
    <Image Name="right" Location="pointright.png" Preload="false" Format="RGBA_8888" Filter="true" />

    <Brush Name="MenuBrush" Image="menu_image" SrcRect="0, 0, 64, 64" Type="image" />
    <Brush Name="BlackBox" Image="black_box" SrcRect="0, 0, 128, 128" Type="image" />
    <Brush Name="BoxButton" Image="box_under" SrcRect="0, 0, 256, 256" Type="9patch" ScaleArea="0,0,256,250" />
    <Brush Name="BoxOutline" Image="box_outline" SrcRect="0, 0, 256, 256" Type="9patch" ScaleArea="2, 2, 252, 252" />
    <Brush Name="Slider" Image="slider" SrcRect="0, 0, 64, 64" Type="image" />
    <Brush Name="Groove" Image="groove" SrcRect="0, 0, 64, 64" Type="image" />
    <Brush Name="Cross" Image="cross_image" SrcRect="0, 0, 64, 64" Type="image" />
    <Brush Name="Back" Image="back" SrcRect="0, 0, 64, 64" Type="image" />
    <Brush Name="Next" Image="next" SrcRect="0, 0, 64, 64" Type="image" />
    <Brush Name="Prev" Image="back" SrcRect="0, 0, 64, 64" Type="image" />
    <Brush Name="Left" Image="left" SrcRect="0, 0, 100, 60" Type="image" />
    <Brush Name="Right" Image="right" SrcRect="0, 0, 100, 60" Type="image" />
    <Brush Name="Question" Image="question_image" SrcRect="0, 0, 64, 64" Type="image" />
    <Brush Name="Refresh" Image="refresh" SrcRect="0, 0, 64, 64" Type="image" />
    <Brush Name="Home" Image="home" SrcRect="0, 0, 64, 64" Type="image" />
    
    <Image Name="titlebg" Location="images/titlebackdrop.png" Preload="false" Format="RGBA_8888" Filter="true" />
    <Brush Name="TitleBackdrop" Image="titlebg" SrcRect="0, 0, 1280, 800" Type="image" />

</xml>