<?xml version="1.0"?>
<xml>
    <!--This is the button to open the game scene-->
    <Scene Name="GameMenu" Style="GenericSceneStyle" Camera="GCam" Colour="255,255,255,255" Batch="false" AllowFocus="true" VirtualTransform="800, 480" Visible="true">
        <!-- Create a camera -->
        <Camera Name="GCam" Position="0,0" Angle="0" Scale="1.0" TouchPanX="false" TouchPanY="false" VelocityDamping="0.8, 0.8" IgnoreActors="false" />
        
        <Label Name="InfoText" Size="-24,-16" docking="topright" Text="Click here to start the game" Font="gulim" Margin="0,-20,8,8"/>
        <Label Name="ArrowRight" Size="-16,-10" Background="Right" docking="topright" Margin="0,-6,8,8"/>
        
        <StackPanel Name="SP2" Size="-12, -12" Orientation="vertical" AlignH="right" AlignV="top" SizeToContent="none" Docking="topright">
            <Label Name="MenuBotton" Background="Question" Size="0,-90" AspectLock="y" Margin="8,8,8,8" SelectedColour="128, 255, 200, 128" Text="" Font="gulim"
                OnBeginTouch="exitToMenuBeginTouch" OnEndTouch="exitToMenuEndTouch" OnTapped="exitToMenuAction">
                
                <Actions Name="exitToMenuBeginTouch">
                    <Action Method="SetTimeline" Param1="buttonin_anim" />
                    <Action Method="PlaySound" Param1="ui_tap" />
                </Actions>
                <Actions Name="exitToMenuEndTouch">
                    <Action Method="SetTimeline" Param1="buttonout_anim" />
                </Actions>
                <Actions Name="exitToMenuAction">
                    <Action Method="SetTimeline" Param1="fly_in2" Param2="GameScene" />
                    <Action Method="SetTimeline" Param1="fly_out" Param2="GameMenu" />
                    <Action Method="SetVar" Param1="GameActive" Param2="true" Param3="GameScene" />
                </Actions>
            </Label>
        </StackPanel>
    </Scene>
    
    <!--Now we start defining the game scene stuff-->
    
    <Template Name="choiceTemplate">
        <Label Name="ChoiceA$index$" Size="-95,-23" Background="BoxOutline"
        BackgroundColour="255,255,255, 255" SelectedColour="80, 80, 255, 255"
        Font="gulim" TextColour="255,255,255, 255" Text=""
        SelectedTextColour="40, 150, 255, 255" Margin="2,2,6,2" SelectType="sticky"
        Selected="false" />
    </Template>

    <GameLogicScene Name="GameScene" Style="GenericSceneStyle" Camera="GameCam" Colour="255,255,255,255" Batch="false" AllowFocus="true" VirtualTransform="800, 480" Visible="true">
        <!-- Create a camera -->
        <Camera Name="GameCam" Position="-100000,0" Angle="0" Scale="1.0" TouchPanX="false" TouchPanY="false" VelocityDamping="0.8, 0.8" IgnoreActors="false" />
        
        <Variable Name="GameActive" Type="bool" Value="false"/>
        <Variable Name="CheckResults" Type="bool" Value="false"/>
        <Variable Name="GameName" Type="string" Value=""/>
        <Variable Name="Description" Type="string" Value=""/>
        <Variable Name="EventDescription" Type="string" Value=""/>
        <Variable Name="Result" Type="string" Value=""/>
        <Variable Name="Link" Type="string" Value=""/>
        <Variable Name="Choices" Type="arraystring" Size="1" Value=""/>
        <Variable Name="ChoicesVisible" Type="bool" Value="false"/>
        <Variable Name="eventCounter" Type="int" Value="-1"/>
        
        <Bindings Name="eventCounterBinding">
            <Binding Property="Text" Variable="eventCounter"/>
        </Bindings>
        <Bindings Name="GameNameBinding">
         <Binding Property="Text" Variable="GameName" />
        </Bindings>
        <Bindings Name="DescriptionBinding">
            <Binding Property="Text" Variable="Description" />
        </Bindings>
        <Bindings Name="EventDescriptionBinding">
            <Binding Property="Text" Variable="EventDescription" />
        </Bindings>
        <Bindings Name="ResultBinding">
            <Binding Property="Text" Variable="Result" />
        </Bindings>
        <Bindings Name="LinkBinding">
            <Binding Property="Text" Variable="Link" />
        </Bindings>
        <Bindings Name="ChoiceBinding">
            <!--Binding Property="ItemsData" Variable="Choices" /-->
            <Binding Property="Visible" Variable="ChoicesVisible" />
        </Bindings>
        
        <Label Name="resulttext" Size="-40,-20" Background="BlackBox" BackgroundColour="210,210,210,200" Bindings="ResultBinding" Font="gulim" AlignH="centre" docking="top"/>

        <StackPanel Name="selections"  Size="-40, -100" Background="BlackBox" BackgroundColour="0,0,0,200"  SelectedColour="0,0,0,200" Orientation="vertical" AlignV="middle" Docking="right">

            <!--Label Name="descriptionLabel" Size="-95,-10" draggable="false" Bindings="DescriptionBinding" AlignH="left" Font="gulim_small" BackgroundColour="210, 210, 210, 225" SelectedColour="80, 80, 255, 255"/-->
            
            <!--Label Name="eventDescriptionLabel" Size="-95,-20" draggable="false" Bindings="EventDescriptionBinding" AlignV="top" AlignH="left" Font="gulim_small" BackgroundColour="210, 210, 210, 225" SelectedColour="80, 80, 255, 255"/-->
            <Label Name="eventCount" Background="BlackBox" Size="-50,-5" draggable="false" Bindings="eventCounterBinding" Font="gulim" Margin="5,5,5,12"/>
            
            <Label Name="gameLabel" Size="-70,-5" draggable="false" Bindings="GameNameBinding" AlignH="centre" Font="gulim" BackgroundColour="210, 210, 210, 225" SelectedColour="80, 80, 255, 255" docking="topright" Margin="0,0,4,4"/>
            
            <ListBox Name="ChoiceListBox" Size="-90,-60" Background="BoxOutline"
            MultiSelect="false" ItemsData="Choices" Bindings="ChoiceBinding" ItemsTargetType="text"
            ItemsTemplate="choiceTemplate" HitTest="true" Draggable="false"
            Orientation="vertical" ClipMargin="5, 5, 5, 5" UseParentOpacity="false" Margin="5, 5, 5, 5" />
            
            <!-- web and menu buttons were here -->
            
            <StackPanel Name="navigation" Size="-95,-12" Orientation="horizontal" Docking="bottom" Margin="0,0,0,4">
                <Label Name ="prevEventButton" Background="Prev" Size="-28, -95" Margin="10,10,10,10" draggable="false" Text="" AlignH="centre"
                    Font="gulim" TextMargin="10,10,0,0" SelectType="toggle" Selected="false"
                    BackgroundColour="210, 210, 210, 255" SelectedColour="80, 80, 255, 255"
                    OnBeginTouch="prevEventBeginTouch" OnEndTouch="prevEventEndTouch" OnTapped="prevEventAction">
                    
                    <Actions Name="prevEventBeginTouch">
                        <Action Method="SetTimeline" Param1="buttonin_anim" />
                        <Action Method="PlaySound" Param1="ui_tap" />
                    </Actions>
                    <Actions Name="prevEventEndTouch">
                        <Action Method="SetTimeline" Param1="buttonout_anim" />
                    </Actions>
                    <Actions Name="prevEventAction">
                        <Action Method="SetTimeline" Param1="fly_out" Param2="MenuScene" />
                        <Action Method="SetTimeline" Param1="fly_out" Param2="ColourScene" />
                        <Action Method="SetCurrentScene" Param1="IwGxScene" />
                        <!--Action Method="HideScene" Param1="ColourScene" /-->
                        <!--Action Method="DeactivateScene" Param1="ColourScene" /-->
                        <!--Action Method="HideScene" Param1="MenuScene" /-->
                        <!--Action Method="DeactivateScene" Param1="MenuScene" /-->
                        <Action Method="SetVar" Param1="MenuActive" Param2="false" Param3="MenuScene" />
                        <Action Method="SetVar" Param1="PrevEvent" Param2="true" Param3="MenuScene" />
                        <Action Method="KillScene" Param1="IwGxScene" />
                        <Action Method="LoadXOML" Param1="eventDisplay.xml" />
                        <Action Method="SetVar" Param1="GameActive" Param2="true" Param3="GameScene" />
                    </Actions>
                </Label>
                <Label Name="checkResultsButton" Background="BoxButton" Size="-34, -95" draggable="false" Text="Check" AlignH="centre"
                    Font="gulim" TextMargin="10,10,0,0" SelectType="toggle" Selected="false"
                    BackgroundColour="210, 210, 210, 255" SelectedColour="80, 80, 255, 255" Margin="0,0,6,6"
                    OnBeginTouch="checkResultsBeginTouch" OnEndTouch="checkResultsEndTouch" OnTapped="checkResultsAction">
                    
                    <Actions Name="checkResultsBeginTouch">
                        <Action Method="SetTimeline" Param1="buttonin_anim" />
                        <Action Method="PlaySound" Param1="ui_tap" />
                    </Actions>
                    <Actions Name="checkResultsEndTouch">
                        <Action Method="SetTimeline" Param1="buttonout_anim" />
                    </Actions>
                    <Actions Name="checkResultsAction">
                        <Action Method="SetTimeline" Param1="fly_out" Param2="MenuScene" />
                        <Action Method="SetTimeline" Param1="fly_out" Param2="menuButtonScene" />
                        <Action Method="SetVar" Param1="MenuActive" Param2="false" Param3="MenuScene" />
                        <Action Method="SetVar" Param1="GameActive" Param2="false" Param3="GameScene" />
                        <Action Method="SetVar" Param1="CheckResults" Param2="true" Param3="GameScene" />
                        <Action Method="KillScene" Param1="IwGxScene" />
                        <Action Method="KillScene" Param1="ColourScene" />
                        <Action Method="KillScene" Param1="GameScene" />
                        <Action Method="KillScene" Param1="GameMenu" />
                        <Action Method="LoadXOML" Param1="LandingScreen.xml" />
                        <Action Method="SetTimeline" Param1="fly_out" Param2="LandingScreen" />
                        <Action Method="SetTimeline" Param1="fly_out" Param2="GameSelectionScene" />
                        <Action Method="SetTimeline" Param1="fly_out" Param2="SelectionScene" />
                        <Action Method="SetTimeline" Param1="fly_in2" Param2="CongratulationScene" />
                        <Action Method="LoadXOML" Param1="SelectedGame" />
                    </Actions>
                </Label>
                <Label Name ="nextEventButton" Background="Next" Size="-28, -95" Margin="10,10,10,10" draggable="false" Text="" AlignH="centre"
                    Font="gulim" TextMargin="10,10,0,0" SelectType="toggle" Selected="false"
                    BackgroundColour="210, 210, 210, 255" SelectedColour="80, 80, 255, 255"
                    OnBeginTouch="nextEventBeginTouch" OnEndTouch="nextEventEndTouch" OnTapped="nextEventAction">
                    
                    <Actions Name="nextEventBeginTouch">
                        <Action Method="SetTimeline" Param1="buttonin_anim" />
                        <Action Method="PlaySound" Param1="ui_tap" />
                    </Actions>
                    <Actions Name="nextEventEndTouch">
                        <Action Method="SetTimeline" Param1="buttonout_anim" />
                    </Actions>
                    <Actions Name="nextEventAction">
                        <Action Method="SetTimeline" Param1="fly_out" Param2="MenuScene" />
                        <Action Method="SetTimeline" Param1="fly_out" Param2="ColourScene" />
                        <Action Method="SetCurrentScene" Param1="IwGxScene" />
                        <!--Action Method="HideScene" Param1="ColourScene" /-->
                        <!--Action Method="DeactivateScene" Param1="ColourScene" /-->
                        <!--Action Method="HideScene" Param1="MenuScene" /-->
                        <!--Action Method="DeactivateScene" Param1="MenuScene" /-->
                        <Action Method="SetVar" Param1="MenuActive" Param2="false" Param3="MenuScene" />
                        <Action Method="SetVar" Param1="NextEvent" Param2="true" Param3="MenuScene" />
                        <Action Method="KillScene" Param1="IwGxScene" />
                        <Action Method="LoadXOML" Param1="eventDisplay.xml" />
                        <Action Method="SetVar" Param1="GameActive" Param2="true" Param3="GameScene" />
                    </Actions>
                </Label>
            </StackPanel>
        </StackPanel>
        
        <Label Name="IntroText" Text="Choose an answer from the multiple choice box on the right. Complete all events to check your results." Font="gulim" Size="-40,-30" docking="bottomleft" Margin="-18,8,8,-12"/>
 
        <StackPanel Name="SP2" Size="-60,-12" Background="BlackBox" Orientation="horizontal" SizeToContent="none" Docking="bottomleft">

        
            <Label Name="exitToMenuButton" Background="BoxButton" Size="-40, -95" draggable="false" Text="Game Menu" AlignH="centre"
                Font="gulim" TextMargin="10,10,0,0" SelectType="toggle" Selected="false"
                BackgroundColour="210, 210, 210, 255" SelectedColour="80, 80, 255, 255" Margin="6,6,6,6"
                OnBeginTouch="exitToMenuBeginTouch" OnEndTouch="exitToMenuEndTouch" OnTapped="exitToMenuAction">
                
                <Actions Name="exitToMenuBeginTouch">
                    <Action Method="SetTimeline" Param1="buttonin_anim" />
                    <Action Method="PlaySound" Param1="ui_tap" />
                </Actions>
                <Actions Name="exitToMenuEndTouch">
                    <Action Method="SetTimeline" Param1="buttonout_anim" />
                </Actions>
                <Actions Name="exitToMenuAction">
                    <Action Method="SetTimeline" Param1="fly_out" Param2="MenuScene" />
                    <Action Method="SetVar" Param1="MenuActive" Param2="false" Param3="MenuScene" />
                    <Action Method="SetVar" Param1="GameActive" Param2="false" Param3="GameScene" />
                    <Action Method="KillScene" Param1="ColourScene" />
                    <Action Method="KillScene" Param1="GameScene" />
                    <Action Method="KillScene" Param1="GameMenu" />
                    <Action Method="KillScene" Param1="IwGxScene" />
                    <Action Method="LoadXOML" Param1="LandingScreen.xml" />
                    <Action Method="SetTimeline" Param1="fly_out" Param2="LandingScreen" />
                    <Action Method="SetTimeline" Param1="fly_out" Param2="GameSelectionScene" />
                    <Action Method="SetTimeline" Param1="fly_out" Param2="CongratulationScene" />
                    <Action Method="SetTimeline" Param1="fly_in2" Param2="SelectionScene" />
                    <Action Method="LoadXOML" Param1="SelectedGame" />
                </Actions>
            </Label>
            <Label Name="webButton" Background="BoxButton" Size="-40, -95" draggable="false" Text="Online Help" AlignH="centre" AlignV="middle"
                Font="gulim" TextMargin="10,10,0,0" SelectType="toggle" Selected="false"
                BackgroundColour="210, 210, 210, 255" SelectedColour="80, 80, 255, 255" Margin="6,6,6,6"
                OnBeginTouch="webButtonBegin" OnEndTouch="webButtonEnd" OnTapped="webButtonAction">
                
                <Actions Name="webButtonBegin">
                    <Action Method="SetTimeline" Param1="buttonin_anim" />
                    <Action Method="PlaySound" Param1="ui_tap" />
                </Actions>
                <Actions Name="webButtonEnd">
                    <Action Method="SetTimeline" Param1="buttonout_anim" />
                </Actions>
                <Actions Name="webButtonAction">
                    <Action Method="ShowScene" Param1="WebScene" />
                    <Action Method="SetTimeline" Param1="fly_in2" Param2="WebScene" />
                </Actions>
            </Label>
        </StackPanel>

        
        

        

        
        <StackPanel Name="SP2" Size="-12,-12" Orientation="vertical" AlignH="right" AlignV="top" SizeToContent="none" Docking="topright">
            <Label Name="MenuBotton" Background="Cross" Size="0,-90" AspectLock="y" Margin="8,8,8,8" SelectedColour="128, 255, 200, 128" Text="" Font="gulim"
                OnBeginTouch="exitToMenuBeginTouch" OnEndTouch="exitToMenuEndTouch" OnTapped="exitToMenuAction">
                    
                    <Actions Name="exitToMenuBeginTouch">
                        <Action Method="SetTimeline" Param1="buttonin_anim" />
                        <Action Method="PlaySound" Param1="ui_tap" />
                    </Actions>
                    <Actions Name="exitToMenuEndTouch">
                        <Action Method="SetTimeline" Param1="buttonout_anim" />
                    </Actions>
                <Actions Name="exitToMenuAction">
                    <Action Method="SetTimeline" Param1="fly_out" Param2="GameScene" />
                    <Action Method="SetTimeline" Param1="fly_in2" Param2="GameMenu" />
                    <Action Method="SetVar" Param1="GameActive" Param2="false" Param3="GameScene" />
                    </Actions>
                </Label>
        </StackPanel>
        
        
        
    </GameLogicScene>
</xml>